TestNumber;OdiSource;Insertions;TestVariants;OdiScope;R;S;CalcMethod;Link2Evidence;Comment;JiraTasks
50027;INS_OFF;B2,Q1;8188;LowerLimit;;5;;;Updates from the Test-Q data;RSIPPTE-710
50027;INS_OFF;Q2,S2;8188;LowerLimit;;-10;;;Updates from the Test-Q data;RSIPPTE-710
50027;INS_OFF;B2,Q1;8188;UpperLimit;;-65;;;Updates from the Test-Q data;RSIPPTE-710
50027;INS_OFF;Q2;8188;UpperLimit;;-90;;;Updates from the Test-Q data;RSIPPTE-710
50027;INS_OFF;S2;8188;UpperLimit;;-100;;;Updates from the Test-Q data;RSIPPTE-710
50077;INS_OFF;B1,Q3,S1;8188;LowerLimit;;400;;;Updates from the Test-Q data;RSIPPTE-710
50077;INS_OFF;Q2,S2;8188;LowerLimit;;-190;;;Updates from the Test-Q data;RSIPPTE-710
50077;INS_OFF;B1,Q3,S1;8188;UpperLimit;;840;;;Updates from the Test-Q data;RSIPPTE-710
50077;INS_OFF;Q2;8188;UpperLimit;;-400;;;Updates from the Test-Q data;RSIPPTE-710
50077;INS_OFF;S2;8188;UpperLimit;;-455;;;Updates from the Test-Q data;RSIPPTE-710
50313;INS_OFF;B2,Q1,Q2;8188;LowerLimit;;-10;;;Updates from the Test-Q data;RSIPPTE-710
50313;INS_OFF;Q3,S1;8188;LowerLimit;;40;;;Updates from the Test-Q data;RSIPPTE-710
50313;INS_OFF;B1;8188;UpperLimit;;20;;;Updates from the Test-Q data;RSIPPTE-710
50313;INS_OFF;B2,Q1;8188;UpperLimit;;10;;;Updates from the Test-Q data;RSIPPTE-710
50313;INS_OFF;Q2;8188;UpperLimit;;-10;;;Updates from the Test-Q data;RSIPPTE-710
50313;INS_OFF;Q3,S1;8188;UpperLimit;;25;;;Updates from the Test-Q data;RSIPPTE-710
50313;INS_OFF;S2;8188;UpperLimit;;-5;;;Updates from the Test-Q data;RSIPPTE-710
50317;INS_OFF;B1,Q3,S1;8188;LowerLimit;;10;;;Updates from the Test-Q data;RSIPPTE-710
50337;INS_OFF;B1,Q3,S1;8188;LowerLimit;;5;;;Updates from the Test-Q data;RSIPPTE-710
50337;INS_OFF;Q2,S2;8188;LowerLimit;;-5;;;Updates from the Test-Q data;RSIPPTE-710
50337;INS_OFF;B1,Q3,S1;8188;UpperLimit;;5;;;Updates from the Test-Q data;RSIPPTE-710
50337;INS_OFF;S2;8188;UpperLimit;;-5;;;Updates from the Test-Q data;RSIPPTE-710
50371;INS_OFF;B1,Q3,S1;8188;LowerLimit;;-35;;;Updates from the Test-Q data;RSIPPTE-710
50371;INS_OFF;B2,Q1,Q2,S2;8188;LowerLimit;;10;;;Updates from the Test-Q data;RSIPPTE-710
50371;INS_OFF;B1,B2,Q1,Q2,Q3,S1;8188;UpperLimit;;-5;;;Updates from the Test-Q data;RSIPPTE-710
50371;INS_OFF;S2;8188;UpperLimit;;15;;;Updates from the Test-Q data;RSIPPTE-710
53059;INS_OFF;B1,Q3;8188;LowerLimit;;-9;;;Updates from the Test-Q data;RSIPPTE-710
53059;INS_OFF;B2,Q1,Q2;8188;LowerLimit;;11;;;Updates from the Test-Q data;RSIPPTE-710
53059;INS_OFF;B1,B2,Q1,Q3;8188;UpperLimit;;29;;;Updates from the Test-Q data;RSIPPTE-710
53059;INS_OFF;Q2;8188;UpperLimit;;49;;;Updates from the Test-Q data;RSIPPTE-710
53060;INS_OFF;B1,Q3;8188;LowerLimit;;-9;;;Updates from the Test-Q data;RSIPPTE-710
53060;INS_OFF;B2,Q1,Q2;8188;LowerLimit;;11;;;Updates from the Test-Q data;RSIPPTE-710
53060;INS_OFF;B1,B2,Q1,Q3;8188;UpperLimit;;29;;;Updates from the Test-Q data;RSIPPTE-710
53060;INS_OFF;Q2;8188;UpperLimit;;49;;;Updates from the Test-Q data;RSIPPTE-710
53061;INS_OFF;B1,Q3;8188;LowerLimit;;-9;;;Updates from the Test-Q data;RSIPPTE-710
53061;INS_OFF;B2,Q1,Q2;8188;LowerLimit;;11;;;Updates from the Test-Q data;RSIPPTE-710
53061;INS_OFF;B1,B2,Q1,Q3;8188;UpperLimit;;29;;;Updates from the Test-Q data;RSIPPTE-710
53061;INS_OFF;Q2;8188;UpperLimit;;49;;;Updates from the Test-Q data;RSIPPTE-710
53062;INS_OFF;B1,Q3;8188;LowerLimit;;-9;;;Updates from the Test-Q data;RSIPPTE-710
53062;INS_OFF;B2,Q1,Q2;8188;LowerLimit;;11;;;Updates from the Test-Q data;RSIPPTE-710
53062;INS_OFF;B1,B2,Q1,Q3;8188;UpperLimit;;29;;;Updates from the Test-Q data;RSIPPTE-710
53062;INS_OFF;Q2;8188;UpperLimit;;49;;;Updates from the Test-Q data;RSIPPTE-710
53063;INS_OFF;B1,Q3;8188;LowerLimit;;-9;;;Updates from the Test-Q data;RSIPPTE-710
53063;INS_OFF;B2,Q1,Q2;8188;LowerLimit;;11;;;Updates from the Test-Q data;RSIPPTE-710
53063;INS_OFF;B1,B2,Q1,Q3;8188;UpperLimit;;29;;;Updates from the Test-Q data;RSIPPTE-710
53063;INS_OFF;Q2;8188;UpperLimit;;49;;;Updates from the Test-Q data;RSIPPTE-710
53064;INS_OFF;B1,Q3;8188;LowerLimit;;-9;;;Updates from the Test-Q data;RSIPPTE-710
53064;INS_OFF;B2,Q1,Q2;8188;LowerLimit;;11;;;Updates from the Test-Q data;RSIPPTE-710
53064;INS_OFF;B1,B2,Q1,Q3;8188;UpperLimit;;29;;;Updates from the Test-Q data;RSIPPTE-710
53064;INS_OFF;Q2;8188;UpperLimit;;49;;;Updates from the Test-Q data;RSIPPTE-710
53065;INS_OFF;B1,Q3;8188;LowerLimit;;-9;;;Updates from the Test-Q data;RSIPPTE-710
53065;INS_OFF;B2,Q1,Q2;8188;LowerLimit;;11;;;Updates from the Test-Q data;RSIPPTE-710
53065;INS_OFF;B1,B2,Q1,Q3;8188;UpperLimit;;29;;;Updates from the Test-Q data;RSIPPTE-710
53065;INS_OFF;Q2;8188;UpperLimit;;49;;;Updates from the Test-Q data;RSIPPTE-710
53066;INS_OFF;B1,Q3;8188;LowerLimit;;-9;;;Updates from the Test-Q data;RSIPPTE-710
53066;INS_OFF;B2,Q1,Q2;8188;LowerLimit;;11;;;Updates from the Test-Q data;RSIPPTE-710
53066;INS_OFF;B1,B2,Q1,Q3;8188;UpperLimit;;29;;;Updates from the Test-Q data;RSIPPTE-710
53066;INS_OFF;Q2;8188;UpperLimit;;49;;;Updates from the Test-Q data;RSIPPTE-710
53067;INS_OFF;B1,Q3;8188;LowerLimit;;-23;;;Updates from the Test-Q data;RSIPPTE-710
53067;INS_OFF;B2,Q1,Q2;8188;LowerLimit;;17;;;Updates from the Test-Q data;RSIPPTE-710
53067;INS_OFF;B1,Q3;8188;UpperLimit;;39;;;Updates from the Test-Q data;RSIPPTE-710
53067;INS_OFF;B2,Q1;8188;UpperLimit;;34;;;Updates from the Test-Q data;RSIPPTE-710
53067;INS_OFF;Q2;8188;UpperLimit;;54;;;Updates from the Test-Q data;RSIPPTE-710
53068;INS_OFF;B1,Q3;8188;LowerLimit;;-23;;;Updates from the Test-Q data;RSIPPTE-710
53068;INS_OFF;B2,Q1,Q2;8188;LowerLimit;;17;;;Updates from the Test-Q data;RSIPPTE-710
53068;INS_OFF;B1,Q3;8188;UpperLimit;;39;;;Updates from the Test-Q data;RSIPPTE-710
53068;INS_OFF;B2,Q1;8188;UpperLimit;;34;;;Updates from the Test-Q data;RSIPPTE-710
53068;INS_OFF;Q2;8188;UpperLimit;;54;;;Updates from the Test-Q data;RSIPPTE-710
53069;INS_OFF;B1,Q3;8188;LowerLimit;;-23;;;Updates from the Test-Q data;RSIPPTE-710
53069;INS_OFF;B2,Q1,Q2;8188;LowerLimit;;17;;;Updates from the Test-Q data;RSIPPTE-710
53069;INS_OFF;B1,Q3;8188;UpperLimit;;39;;;Updates from the Test-Q data;RSIPPTE-710
53069;INS_OFF;B2,Q1;8188;UpperLimit;;34;;;Updates from the Test-Q data;RSIPPTE-710
53069;INS_OFF;Q2;8188;UpperLimit;;54;;;Updates from the Test-Q data;RSIPPTE-710
53070;INS_OFF;B1,Q3;8188;LowerLimit;;-23;;;Updates from the Test-Q data;RSIPPTE-710
53070;INS_OFF;B2,Q1,Q2;8188;LowerLimit;;17;;;Updates from the Test-Q data;RSIPPTE-710
53070;INS_OFF;B1,Q3;8188;UpperLimit;;39;;;Updates from the Test-Q data;RSIPPTE-710
53070;INS_OFF;B2,Q1;8188;UpperLimit;;34;;;Updates from the Test-Q data;RSIPPTE-710
53070;INS_OFF;Q2;8188;UpperLimit;;54;;;Updates from the Test-Q data;RSIPPTE-710
53071;INS_OFF;B1,Q3;8188;LowerLimit;;-23;;;Updates from the Test-Q data;RSIPPTE-710
53071;INS_OFF;B2,Q1,Q2;8188;LowerLimit;;17;;;Updates from the Test-Q data;RSIPPTE-710
53071;INS_OFF;B1,Q3;8188;UpperLimit;;39;;;Updates from the Test-Q data;RSIPPTE-710
53071;INS_OFF;B2,Q1;8188;UpperLimit;;34;;;Updates from the Test-Q data;RSIPPTE-710
53071;INS_OFF;Q2;8188;UpperLimit;;54;;;Updates from the Test-Q data;RSIPPTE-710
53072;INS_OFF;B1,Q3;8188;LowerLimit;;-23;;;Updates from the Test-Q data;RSIPPTE-710
53072;INS_OFF;B2,Q1,Q2;8188;LowerLimit;;17;;;Updates from the Test-Q data;RSIPPTE-710
53072;INS_OFF;B1,Q3;8188;UpperLimit;;39;;;Updates from the Test-Q data;RSIPPTE-710
53072;INS_OFF;B2,Q1;8188;UpperLimit;;34;;;Updates from the Test-Q data;RSIPPTE-710
53072;INS_OFF;Q2;8188;UpperLimit;;54;;;Updates from the Test-Q data;RSIPPTE-710
53073;INS_OFF;B1,Q3;8188;LowerLimit;;-23;;;Updates from the Test-Q data;RSIPPTE-710
53073;INS_OFF;B2,Q1,Q2;8188;LowerLimit;;17;;;Updates from the Test-Q data;RSIPPTE-710
53073;INS_OFF;B1,Q3;8188;UpperLimit;;39;;;Updates from the Test-Q data;RSIPPTE-710
53073;INS_OFF;B2,Q1;8188;UpperLimit;;34;;;Updates from the Test-Q data;RSIPPTE-710
53073;INS_OFF;Q2;8188;UpperLimit;;54;;;Updates from the Test-Q data;RSIPPTE-710
53074;INS_OFF;B1,Q3;8188;LowerLimit;;-23;;;Updates from the Test-Q data;RSIPPTE-710
53074;INS_OFF;B2,Q1,Q2;8188;LowerLimit;;17;;;Updates from the Test-Q data;RSIPPTE-710
53074;INS_OFF;B1,Q3;8188;UpperLimit;;39;;;Updates from the Test-Q data;RSIPPTE-710
53074;INS_OFF;B2,Q1;8188;UpperLimit;;34;;;Updates from the Test-Q data;RSIPPTE-710
53074;INS_OFF;Q2;8188;UpperLimit;;54;;;Updates from the Test-Q data;RSIPPTE-710
53179;INS_OFF;B1,B2,Q2,Q3;8188;LowerLimit;;-1.2;;;Updates from the Test-Q data;RSIPPTE-710
53179;INS_OFF;Q1;8188;LowerLimit;;1.2;;;Updates from the Test-Q data;RSIPPTE-710
53179;INS_OFF;S1;8188;LowerLimit;;-2.7;;;Updates from the Test-Q data;RSIPPTE-710
53179;INS_OFF;S2;8188;LowerLimit;;-1.6;;;Updates from the Test-Q data;RSIPPTE-710
53179;INS_OFF;B1,Q3;8188;UpperLimit;;1.5;;;Updates from the Test-Q data;RSIPPTE-710
53179;INS_OFF;B2,Q1,Q2;8188;UpperLimit;;-1.3;;;Updates from the Test-Q data;RSIPPTE-710
53179;INS_OFF;S1;8188;UpperLimit;;2.7;;;Updates from the Test-Q data;RSIPPTE-710
53179;INS_OFF;S2;8188;UpperLimit;;1.7;;;Updates from the Test-Q data;RSIPPTE-710
53180;INS_OFF;B1,B2,Q2,Q3;8188;LowerLimit;;-1.2;;;Updates from the Test-Q data;RSIPPTE-710
53180;INS_OFF;Q1;8188;LowerLimit;;1.2;;;Updates from the Test-Q data;RSIPPTE-710
53180;INS_OFF;S1;8188;LowerLimit;;-2.7;;;Updates from the Test-Q data;RSIPPTE-710
53180;INS_OFF;S2;8188;LowerLimit;;-1.6;;;Updates from the Test-Q data;RSIPPTE-710
53180;INS_OFF;B1,Q3;8188;UpperLimit;;1.5;;;Updates from the Test-Q data;RSIPPTE-710
53180;INS_OFF;B2,Q1,Q2;8188;UpperLimit;;-1.3;;;Updates from the Test-Q data;RSIPPTE-710
53180;INS_OFF;S1;8188;UpperLimit;;2.7;;;Updates from the Test-Q data;RSIPPTE-710
53180;INS_OFF;S2;8188;UpperLimit;;1.7;;;Updates from the Test-Q data;RSIPPTE-710
53181;INS_OFF;B1,B2,Q2,Q3;8188;LowerLimit;;-1.2;;;Updates from the Test-Q data;RSIPPTE-710
53181;INS_OFF;Q1;8188;LowerLimit;;1.2;;;Updates from the Test-Q data;RSIPPTE-710
53181;INS_OFF;S1;8188;LowerLimit;;-2.7;;;Updates from the Test-Q data;RSIPPTE-710
53181;INS_OFF;S2;8188;LowerLimit;;-1.6;;;Updates from the Test-Q data;RSIPPTE-710
53181;INS_OFF;B1,Q3;8188;UpperLimit;;1.5;;;Updates from the Test-Q data;RSIPPTE-710
53181;INS_OFF;B2,Q1,Q2;8188;UpperLimit;;-1.3;;;Updates from the Test-Q data;RSIPPTE-710
53181;INS_OFF;S1;8188;UpperLimit;;2.7;;;Updates from the Test-Q data;RSIPPTE-710
53181;INS_OFF;S2;8188;UpperLimit;;1.7;;;Updates from the Test-Q data;RSIPPTE-710
53182;INS_OFF;B1,B2,Q2,Q3;8188;LowerLimit;;-1.2;;;Updates from the Test-Q data;RSIPPTE-710
53182;INS_OFF;Q1;8188;LowerLimit;;1.2;;;Updates from the Test-Q data;RSIPPTE-710
53182;INS_OFF;S1;8188;LowerLimit;;-2.7;;;Updates from the Test-Q data;RSIPPTE-710
53182;INS_OFF;S2;8188;LowerLimit;;-1.6;;;Updates from the Test-Q data;RSIPPTE-710
53182;INS_OFF;B1,Q3;8188;UpperLimit;;1.5;;;Updates from the Test-Q data;RSIPPTE-710
53182;INS_OFF;B2,Q1,Q2;8188;UpperLimit;;-1.3;;;Updates from the Test-Q data;RSIPPTE-710
53182;INS_OFF;S1;8188;UpperLimit;;2.7;;;Updates from the Test-Q data;RSIPPTE-710
53182;INS_OFF;S2;8188;UpperLimit;;1.7;;;Updates from the Test-Q data;RSIPPTE-710
53183;INS_OFF;B1,B2,Q2,Q3;8188;LowerLimit;;-1.2;;;Updates from the Test-Q data;RSIPPTE-710
53183;INS_OFF;Q1;8188;LowerLimit;;1.2;;;Updates from the Test-Q data;RSIPPTE-710
53183;INS_OFF;S1;8188;LowerLimit;;-2.7;;;Updates from the Test-Q data;RSIPPTE-710
53183;INS_OFF;S2;8188;LowerLimit;;-1.6;;;Updates from the Test-Q data;RSIPPTE-710
53183;INS_OFF;B1,Q3;8188;UpperLimit;;1.5;;;Updates from the Test-Q data;RSIPPTE-710
53183;INS_OFF;B2,Q1,Q2;8188;UpperLimit;;-1.3;;;Updates from the Test-Q data;RSIPPTE-710
53183;INS_OFF;S1;8188;UpperLimit;;2.7;;;Updates from the Test-Q data;RSIPPTE-710
53183;INS_OFF;S2;8188;UpperLimit;;1.7;;;Updates from the Test-Q data;RSIPPTE-710
53184;INS_OFF;B1,B2,Q2,Q3;8188;LowerLimit;;-1.2;;;Updates from the Test-Q data;RSIPPTE-710
53184;INS_OFF;Q1;8188;LowerLimit;;1.2;;;Updates from the Test-Q data;RSIPPTE-710
53184;INS_OFF;S1;8188;LowerLimit;;-2.7;;;Updates from the Test-Q data;RSIPPTE-710
53184;INS_OFF;S2;8188;LowerLimit;;-1.6;;;Updates from the Test-Q data;RSIPPTE-710
53184;INS_OFF;B1,Q3;8188;UpperLimit;;1.5;;;Updates from the Test-Q data;RSIPPTE-710
53184;INS_OFF;B2,Q1,Q2;8188;UpperLimit;;-1.3;;;Updates from the Test-Q data;RSIPPTE-710
53184;INS_OFF;S1;8188;UpperLimit;;2.7;;;Updates from the Test-Q data;RSIPPTE-710
53184;INS_OFF;S2;8188;UpperLimit;;1.7;;;Updates from the Test-Q data;RSIPPTE-710
53185;INS_OFF;B1,B2,Q2,Q3;8188;LowerLimit;;-1.2;;;Updates from the Test-Q data;RSIPPTE-710
53185;INS_OFF;Q1;8188;LowerLimit;;1.2;;;Updates from the Test-Q data;RSIPPTE-710
53185;INS_OFF;S1;8188;LowerLimit;;-2.7;;;Updates from the Test-Q data;RSIPPTE-710
53185;INS_OFF;S2;8188;LowerLimit;;-1.6;;;Updates from the Test-Q data;RSIPPTE-710
53185;INS_OFF;B1,Q3;8188;UpperLimit;;1.5;;;Updates from the Test-Q data;RSIPPTE-710
53185;INS_OFF;B2,Q1,Q2;8188;UpperLimit;;-1.3;;;Updates from the Test-Q data;RSIPPTE-710
53185;INS_OFF;S1;8188;UpperLimit;;2.7;;;Updates from the Test-Q data;RSIPPTE-710
53185;INS_OFF;S2;8188;UpperLimit;;1.7;;;Updates from the Test-Q data;RSIPPTE-710
53186;INS_OFF;B1,B2,Q2,Q3;8188;LowerLimit;;-1.2;;;Updates from the Test-Q data;RSIPPTE-710
53186;INS_OFF;Q1;8188;LowerLimit;;1.2;;;Updates from the Test-Q data;RSIPPTE-710
53186;INS_OFF;S1;8188;LowerLimit;;-2.7;;;Updates from the Test-Q data;RSIPPTE-710
53186;INS_OFF;S2;8188;LowerLimit;;-1.6;;;Updates from the Test-Q data;RSIPPTE-710
53186;INS_OFF;B1,Q3;8188;UpperLimit;;1.5;;;Updates from the Test-Q data;RSIPPTE-710
53186;INS_OFF;B2,Q1,Q2;8188;UpperLimit;;-1.3;;;Updates from the Test-Q data;RSIPPTE-710
53186;INS_OFF;S1;8188;UpperLimit;;2.7;;;Updates from the Test-Q data;RSIPPTE-710
53186;INS_OFF;S2;8188;UpperLimit;;1.7;;;Updates from the Test-Q data;RSIPPTE-710
53187;INS_OFF;B1,Q3;8188;LowerLimit;;-0.3;;;Updates from the Test-Q data;RSIPPTE-710
53187;INS_OFF;B2,Q1,Q2,S2;8188;LowerLimit;;-0.4;;;Updates from the Test-Q data;RSIPPTE-710
53187;INS_OFF;S1;8188;LowerLimit;;-0.2;;;Updates from the Test-Q data;RSIPPTE-710
53187;INS_OFF;B1,Q3;8188;UpperLimit;;1.2;;;Updates from the Test-Q data;RSIPPTE-710
53187;INS_OFF;B2,Q1;8188;UpperLimit;;0.3;;;Updates from the Test-Q data;RSIPPTE-710
53187;INS_OFF;Q2;8188;UpperLimit;;2.3;;;Updates from the Test-Q data;RSIPPTE-710
53187;INS_OFF;S1;8188;UpperLimit;;1;;;Updates from the Test-Q data;RSIPPTE-710
53187;INS_OFF;S2;8188;UpperLimit;;0.2;;;Updates from the Test-Q data;RSIPPTE-710
53188;INS_OFF;B1,Q3;8188;LowerLimit;;-0.3;;;Updates from the Test-Q data;RSIPPTE-710
53188;INS_OFF;B2,Q1,Q2,S2;8188;LowerLimit;;-0.4;;;Updates from the Test-Q data;RSIPPTE-710
53188;INS_OFF;S1;8188;LowerLimit;;-0.2;;;Updates from the Test-Q data;RSIPPTE-710
53188;INS_OFF;B1,Q3;8188;UpperLimit;;1.2;;;Updates from the Test-Q data;RSIPPTE-710
53188;INS_OFF;B2,Q1;8188;UpperLimit;;0.3;;;Updates from the Test-Q data;RSIPPTE-710
53188;INS_OFF;Q2;8188;UpperLimit;;2.3;;;Updates from the Test-Q data;RSIPPTE-710
53188;INS_OFF;S1;8188;UpperLimit;;1;;;Updates from the Test-Q data;RSIPPTE-710
53188;INS_OFF;S2;8188;UpperLimit;;0.2;;;Updates from the Test-Q data;RSIPPTE-710
53189;INS_OFF;B1,Q3;8188;LowerLimit;;-0.3;;;Updates from the Test-Q data;RSIPPTE-710
53189;INS_OFF;B2,Q1,Q2,S2;8188;LowerLimit;;-0.4;;;Updates from the Test-Q data;RSIPPTE-710
53189;INS_OFF;S1;8188;LowerLimit;;-0.2;;;Updates from the Test-Q data;RSIPPTE-710
53189;INS_OFF;B1,Q3;8188;UpperLimit;;1.2;;;Updates from the Test-Q data;RSIPPTE-710
53189;INS_OFF;B2,Q1;8188;UpperLimit;;0.3;;;Updates from the Test-Q data;RSIPPTE-710
53189;INS_OFF;Q2;8188;UpperLimit;;2.3;;;Updates from the Test-Q data;RSIPPTE-710
53189;INS_OFF;S1;8188;UpperLimit;;1;;;Updates from the Test-Q data;RSIPPTE-710
53189;INS_OFF;S2;8188;UpperLimit;;0.2;;;Updates from the Test-Q data;RSIPPTE-710
53190;INS_OFF;B1,Q3;8188;LowerLimit;;-0.3;;;Updates from the Test-Q data;RSIPPTE-710
53190;INS_OFF;B2,Q1,Q2,S2;8188;LowerLimit;;-0.4;;;Updates from the Test-Q data;RSIPPTE-710
53190;INS_OFF;S1;8188;LowerLimit;;-0.2;;;Updates from the Test-Q data;RSIPPTE-710
53190;INS_OFF;B1,Q3;8188;UpperLimit;;1.2;;;Updates from the Test-Q data;RSIPPTE-710
53190;INS_OFF;B2,Q1;8188;UpperLimit;;0.3;;;Updates from the Test-Q data;RSIPPTE-710
53190;INS_OFF;Q2;8188;UpperLimit;;2.3;;;Updates from the Test-Q data;RSIPPTE-710
53190;INS_OFF;S1;8188;UpperLimit;;1;;;Updates from the Test-Q data;RSIPPTE-710
53190;INS_OFF;S2;8188;UpperLimit;;0.2;;;Updates from the Test-Q data;RSIPPTE-710
53191;INS_OFF;B1,Q3;8188;LowerLimit;;-0.3;;;Updates from the Test-Q data;RSIPPTE-710
53191;INS_OFF;B2,Q1,Q2,S2;8188;LowerLimit;;-0.4;;;Updates from the Test-Q data;RSIPPTE-710
53191;INS_OFF;S1;8188;LowerLimit;;-0.2;;;Updates from the Test-Q data;RSIPPTE-710
53191;INS_OFF;B1,Q3;8188;UpperLimit;;1.2;;;Updates from the Test-Q data;RSIPPTE-710
53191;INS_OFF;B2,Q1;8188;UpperLimit;;0.3;;;Updates from the Test-Q data;RSIPPTE-710
53191;INS_OFF;Q2;8188;UpperLimit;;2.3;;;Updates from the Test-Q data;RSIPPTE-710
53191;INS_OFF;S1;8188;UpperLimit;;1;;;Updates from the Test-Q data;RSIPPTE-710
53191;INS_OFF;S2;8188;UpperLimit;;0.2;;;Updates from the Test-Q data;RSIPPTE-710
53192;INS_OFF;B1,Q3;8188;LowerLimit;;-0.3;;;Updates from the Test-Q data;RSIPPTE-710
53192;INS_OFF;B2,Q1,Q2,S2;8188;LowerLimit;;-0.4;;;Updates from the Test-Q data;RSIPPTE-710
53192;INS_OFF;S1;8188;LowerLimit;;-0.2;;;Updates from the Test-Q data;RSIPPTE-710
53192;INS_OFF;B1,Q3;8188;UpperLimit;;1.2;;;Updates from the Test-Q data;RSIPPTE-710
53192;INS_OFF;B2,Q1;8188;UpperLimit;;0.3;;;Updates from the Test-Q data;RSIPPTE-710
53192;INS_OFF;Q2;8188;UpperLimit;;2.3;;;Updates from the Test-Q data;RSIPPTE-710
53192;INS_OFF;S1;8188;UpperLimit;;1;;;Updates from the Test-Q data;RSIPPTE-710
53192;INS_OFF;S2;8188;UpperLimit;;0.2;;;Updates from the Test-Q data;RSIPPTE-710
53193;INS_OFF;B1,Q3;8188;LowerLimit;;-0.3;;;Updates from the Test-Q data;RSIPPTE-710
53193;INS_OFF;B2,Q1,Q2,S2;8188;LowerLimit;;-0.4;;;Updates from the Test-Q data;RSIPPTE-710
53193;INS_OFF;S1;8188;LowerLimit;;-0.2;;;Updates from the Test-Q data;RSIPPTE-710
53193;INS_OFF;B1,Q3;8188;UpperLimit;;1.2;;;Updates from the Test-Q data;RSIPPTE-710
53193;INS_OFF;B2,Q1;8188;UpperLimit;;0.3;;;Updates from the Test-Q data;RSIPPTE-710
53193;INS_OFF;Q2;8188;UpperLimit;;2.3;;;Updates from the Test-Q data;RSIPPTE-710
53193;INS_OFF;S1;8188;UpperLimit;;1;;;Updates from the Test-Q data;RSIPPTE-710
53193;INS_OFF;S2;8188;UpperLimit;;0.2;;;Updates from the Test-Q data;RSIPPTE-710
53194;INS_OFF;B1,Q3;8188;LowerLimit;;-0.3;;;Updates from the Test-Q data;RSIPPTE-710
53194;INS_OFF;B2,Q1,Q2,S2;8188;LowerLimit;;-0.4;;;Updates from the Test-Q data;RSIPPTE-710
53194;INS_OFF;S1;8188;LowerLimit;;-0.2;;;Updates from the Test-Q data;RSIPPTE-710
53194;INS_OFF;B1,Q3;8188;UpperLimit;;1.2;;;Updates from the Test-Q data;RSIPPTE-710
53194;INS_OFF;B2,Q1;8188;UpperLimit;;0.3;;;Updates from the Test-Q data;RSIPPTE-710
53194;INS_OFF;Q2;8188;UpperLimit;;2.3;;;Updates from the Test-Q data;RSIPPTE-710
53194;INS_OFF;S1;8188;UpperLimit;;1;;;Updates from the Test-Q data;RSIPPTE-710
53194;INS_OFF;S2;8188;UpperLimit;;0.2;;;Updates from the Test-Q data;RSIPPTE-710
53195;INS_OFF;B1,Q3;8188;LowerLimit;;-0.5;;;Updates from the Test-Q data;RSIPPTE-710
53195;INS_OFF;B2,Q1,Q2;8188;LowerLimit;;-0.7;;;Updates from the Test-Q data;RSIPPTE-710
53195;INS_OFF;S1;8188;LowerLimit;;-0.3;;;Updates from the Test-Q data;RSIPPTE-710
53195;INS_OFF;S2;8188;LowerLimit;;-0.2;;;Updates from the Test-Q data;RSIPPTE-710
53195;INS_OFF;B1,Q3;8188;UpperLimit;;1.4;;;Updates from the Test-Q data;RSIPPTE-710
53195;INS_OFF;B2,Q1;8188;UpperLimit;;0.5;;;Updates from the Test-Q data;RSIPPTE-710
53195;INS_OFF;Q2;8188;UpperLimit;;2.8;;;Updates from the Test-Q data;RSIPPTE-710
53195;INS_OFF;S1;8188;UpperLimit;;1.1;;;Updates from the Test-Q data;RSIPPTE-710
53196;INS_OFF;B1,Q3;8188;LowerLimit;;-0.5;;;Updates from the Test-Q data;RSIPPTE-710
53196;INS_OFF;B2,Q1,Q2;8188;LowerLimit;;-0.7;;;Updates from the Test-Q data;RSIPPTE-710
53196;INS_OFF;S1;8188;LowerLimit;;-0.3;;;Updates from the Test-Q data;RSIPPTE-710
53196;INS_OFF;S2;8188;LowerLimit;;-0.2;;;Updates from the Test-Q data;RSIPPTE-710
53196;INS_OFF;B1,Q3;8188;UpperLimit;;1.4;;;Updates from the Test-Q data;RSIPPTE-710
53196;INS_OFF;B2,Q1;8188;UpperLimit;;0.5;;;Updates from the Test-Q data;RSIPPTE-710
53196;INS_OFF;Q2;8188;UpperLimit;;2.8;;;Updates from the Test-Q data;RSIPPTE-710
53196;INS_OFF;S1;8188;UpperLimit;;1.1;;;Updates from the Test-Q data;RSIPPTE-710
53197;INS_OFF;B1,Q3;8188;LowerLimit;;-0.5;;;Updates from the Test-Q data;RSIPPTE-710
53197;INS_OFF;B2,Q1,Q2;8188;LowerLimit;;-0.7;;;Updates from the Test-Q data;RSIPPTE-710
53197;INS_OFF;S1;8188;LowerLimit;;-0.3;;;Updates from the Test-Q data;RSIPPTE-710
53197;INS_OFF;S2;8188;LowerLimit;;-0.2;;;Updates from the Test-Q data;RSIPPTE-710
53197;INS_OFF;B1,Q3;8188;UpperLimit;;1.4;;;Updates from the Test-Q data;RSIPPTE-710
53197;INS_OFF;B2,Q1;8188;UpperLimit;;0.5;;;Updates from the Test-Q data;RSIPPTE-710
53197;INS_OFF;Q2;8188;UpperLimit;;2.8;;;Updates from the Test-Q data;RSIPPTE-710
53197;INS_OFF;S1;8188;UpperLimit;;1.1;;;Updates from the Test-Q data;RSIPPTE-710
53198;INS_OFF;B1,Q3;8188;LowerLimit;;-0.5;;;Updates from the Test-Q data;RSIPPTE-710
53198;INS_OFF;B2,Q1,Q2;8188;LowerLimit;;-0.7;;;Updates from the Test-Q data;RSIPPTE-710
53198;INS_OFF;S1;8188;LowerLimit;;-0.3;;;Updates from the Test-Q data;RSIPPTE-710
53198;INS_OFF;S2;8188;LowerLimit;;-0.2;;;Updates from the Test-Q data;RSIPPTE-710
53198;INS_OFF;B1,Q3;8188;UpperLimit;;1.4;;;Updates from the Test-Q data;RSIPPTE-710
53198;INS_OFF;B2,Q1;8188;UpperLimit;;0.5;;;Updates from the Test-Q data;RSIPPTE-710
53198;INS_OFF;Q2;8188;UpperLimit;;2.8;;;Updates from the Test-Q data;RSIPPTE-710
53198;INS_OFF;S1;8188;UpperLimit;;1.1;;;Updates from the Test-Q data;RSIPPTE-710
53199;INS_OFF;B1,Q3;8188;LowerLimit;;-0.5;;;Updates from the Test-Q data;RSIPPTE-710
53199;INS_OFF;B2,Q1,Q2;8188;LowerLimit;;-0.7;;;Updates from the Test-Q data;RSIPPTE-710
53199;INS_OFF;S1;8188;LowerLimit;;-0.3;;;Updates from the Test-Q data;RSIPPTE-710
53199;INS_OFF;S2;8188;LowerLimit;;-0.2;;;Updates from the Test-Q data;RSIPPTE-710
53199;INS_OFF;B1,Q3;8188;UpperLimit;;1.4;;;Updates from the Test-Q data;RSIPPTE-710
53199;INS_OFF;B2,Q1;8188;UpperLimit;;0.5;;;Updates from the Test-Q data;RSIPPTE-710
53199;INS_OFF;Q2;8188;UpperLimit;;2.8;;;Updates from the Test-Q data;RSIPPTE-710
53199;INS_OFF;S1;8188;UpperLimit;;1.1;;;Updates from the Test-Q data;RSIPPTE-710
53200;INS_OFF;B1,Q3;8188;LowerLimit;;-0.5;;;Updates from the Test-Q data;RSIPPTE-710
53200;INS_OFF;B2,Q1,Q2;8188;LowerLimit;;-0.7;;;Updates from the Test-Q data;RSIPPTE-710
53200;INS_OFF;S1;8188;LowerLimit;;-0.3;;;Updates from the Test-Q data;RSIPPTE-710
53200;INS_OFF;S2;8188;LowerLimit;;-0.2;;;Updates from the Test-Q data;RSIPPTE-710
53200;INS_OFF;B1,Q3;8188;UpperLimit;;1.4;;;Updates from the Test-Q data;RSIPPTE-710
53200;INS_OFF;B2,Q1;8188;UpperLimit;;0.5;;;Updates from the Test-Q data;RSIPPTE-710
53200;INS_OFF;Q2;8188;UpperLimit;;2.8;;;Updates from the Test-Q data;RSIPPTE-710
53200;INS_OFF;S1;8188;UpperLimit;;1.1;;;Updates from the Test-Q data;RSIPPTE-710
53201;INS_OFF;B1,Q3;8188;LowerLimit;;-0.5;;;Updates from the Test-Q data;RSIPPTE-710
53201;INS_OFF;B2,Q1,Q2;8188;LowerLimit;;-0.7;;;Updates from the Test-Q data;RSIPPTE-710
53201;INS_OFF;S1;8188;LowerLimit;;-0.3;;;Updates from the Test-Q data;RSIPPTE-710
53201;INS_OFF;S2;8188;LowerLimit;;-0.2;;;Updates from the Test-Q data;RSIPPTE-710
53201;INS_OFF;B1,Q3;8188;UpperLimit;;1.4;;;Updates from the Test-Q data;RSIPPTE-710
53201;INS_OFF;B2,Q1;8188;UpperLimit;;0.5;;;Updates from the Test-Q data;RSIPPTE-710
53201;INS_OFF;Q2;8188;UpperLimit;;2.8;;;Updates from the Test-Q data;RSIPPTE-710
53201;INS_OFF;S1;8188;UpperLimit;;1.1;;;Updates from the Test-Q data;RSIPPTE-710
53202;INS_OFF;B1,Q3;8188;LowerLimit;;-0.5;;;Updates from the Test-Q data;RSIPPTE-710
53202;INS_OFF;B2,Q1,Q2;8188;LowerLimit;;-0.7;;;Updates from the Test-Q data;RSIPPTE-710
53202;INS_OFF;S1;8188;LowerLimit;;-0.3;;;Updates from the Test-Q data;RSIPPTE-710
53202;INS_OFF;S2;8188;LowerLimit;;-0.2;;;Updates from the Test-Q data;RSIPPTE-710
53202;INS_OFF;B1,Q3;8188;UpperLimit;;1.4;;;Updates from the Test-Q data;RSIPPTE-710
53202;INS_OFF;B2,Q1;8188;UpperLimit;;0.5;;;Updates from the Test-Q data;RSIPPTE-710
53202;INS_OFF;Q2;8188;UpperLimit;;2.8;;;Updates from the Test-Q data;RSIPPTE-710
53202;INS_OFF;S1;8188;UpperLimit;;1.1;;;Updates from the Test-Q data;RSIPPTE-710
53203;INS_OFF;B1,Q3;8188;LowerLimit;;-0.8;;;Updates from the Test-Q data;RSIPPTE-710
53203;INS_OFF;B2,Q1,Q2;8188;LowerLimit;;-0.6;;;Updates from the Test-Q data;RSIPPTE-710
53203;INS_OFF;S1;8188;LowerLimit;;-0.4;;;Updates from the Test-Q data;RSIPPTE-710
53203;INS_OFF;S2;8188;LowerLimit;;-0.2;;;Updates from the Test-Q data;RSIPPTE-710
53203;INS_OFF;B1,Q3;8188;UpperLimit;;1.4;;;Updates from the Test-Q data;RSIPPTE-710
53203;INS_OFF;B2,Q1;8188;UpperLimit;;0.5;;;Updates from the Test-Q data;RSIPPTE-710
53203;INS_OFF;Q2;8188;UpperLimit;;2.9;;;Updates from the Test-Q data;RSIPPTE-710
53203;INS_OFF;S1;8188;UpperLimit;;1.1;;;Updates from the Test-Q data;RSIPPTE-710
53204;INS_OFF;B1,Q3;8188;LowerLimit;;-0.8;;;Updates from the Test-Q data;RSIPPTE-710
53204;INS_OFF;B2,Q1,Q2;8188;LowerLimit;;-0.6;;;Updates from the Test-Q data;RSIPPTE-710
53204;INS_OFF;S1;8188;LowerLimit;;-0.4;;;Updates from the Test-Q data;RSIPPTE-710
53204;INS_OFF;S2;8188;LowerLimit;;-0.2;;;Updates from the Test-Q data;RSIPPTE-710
53204;INS_OFF;B1,Q3;8188;UpperLimit;;1.4;;;Updates from the Test-Q data;RSIPPTE-710
53204;INS_OFF;B2,Q1;8188;UpperLimit;;0.5;;;Updates from the Test-Q data;RSIPPTE-710
53204;INS_OFF;Q2;8188;UpperLimit;;2.9;;;Updates from the Test-Q data;RSIPPTE-710
53204;INS_OFF;S1;8188;UpperLimit;;1.1;;;Updates from the Test-Q data;RSIPPTE-710
53205;INS_OFF;B1,Q3;8188;LowerLimit;;-0.8;;;Updates from the Test-Q data;RSIPPTE-710
53205;INS_OFF;B2,Q1,Q2;8188;LowerLimit;;-0.6;;;Updates from the Test-Q data;RSIPPTE-710
53205;INS_OFF;S1;8188;LowerLimit;;-0.4;;;Updates from the Test-Q data;RSIPPTE-710
53205;INS_OFF;S2;8188;LowerLimit;;-0.2;;;Updates from the Test-Q data;RSIPPTE-710
53205;INS_OFF;B1,Q3;8188;UpperLimit;;1.4;;;Updates from the Test-Q data;RSIPPTE-710
53205;INS_OFF;B2,Q1;8188;UpperLimit;;0.5;;;Updates from the Test-Q data;RSIPPTE-710
53205;INS_OFF;Q2;8188;UpperLimit;;2.9;;;Updates from the Test-Q data;RSIPPTE-710
53205;INS_OFF;S1;8188;UpperLimit;;1.1;;;Updates from the Test-Q data;RSIPPTE-710
53206;INS_OFF;B1,Q3;8188;LowerLimit;;-0.8;;;Updates from the Test-Q data;RSIPPTE-710
53206;INS_OFF;B2,Q1,Q2;8188;LowerLimit;;-0.6;;;Updates from the Test-Q data;RSIPPTE-710
53206;INS_OFF;S1;8188;LowerLimit;;-0.4;;;Updates from the Test-Q data;RSIPPTE-710
53206;INS_OFF;S2;8188;LowerLimit;;-0.2;;;Updates from the Test-Q data;RSIPPTE-710
53206;INS_OFF;B1,Q3;8188;UpperLimit;;1.4;;;Updates from the Test-Q data;RSIPPTE-710
53206;INS_OFF;B2,Q1;8188;UpperLimit;;0.5;;;Updates from the Test-Q data;RSIPPTE-710
53206;INS_OFF;Q2;8188;UpperLimit;;2.9;;;Updates from the Test-Q data;RSIPPTE-710
53206;INS_OFF;S1;8188;UpperLimit;;1.1;;;Updates from the Test-Q data;RSIPPTE-710
53207;INS_OFF;B1,Q3;8188;LowerLimit;;-0.8;;;Updates from the Test-Q data;RSIPPTE-710
53207;INS_OFF;B2,Q1,Q2;8188;LowerLimit;;-0.6;;;Updates from the Test-Q data;RSIPPTE-710
53207;INS_OFF;S1;8188;LowerLimit;;-0.4;;;Updates from the Test-Q data;RSIPPTE-710
53207;INS_OFF;S2;8188;LowerLimit;;-0.2;;;Updates from the Test-Q data;RSIPPTE-710
53207;INS_OFF;B1,Q3;8188;UpperLimit;;1.4;;;Updates from the Test-Q data;RSIPPTE-710
53207;INS_OFF;B2,Q1;8188;UpperLimit;;0.5;;;Updates from the Test-Q data;RSIPPTE-710
53207;INS_OFF;Q2;8188;UpperLimit;;2.9;;;Updates from the Test-Q data;RSIPPTE-710
53207;INS_OFF;S1;8188;UpperLimit;;1.1;;;Updates from the Test-Q data;RSIPPTE-710
53208;INS_OFF;B1,Q3;8188;LowerLimit;;-0.8;;;Updates from the Test-Q data;RSIPPTE-710
53208;INS_OFF;B2,Q1,Q2;8188;LowerLimit;;-0.6;;;Updates from the Test-Q data;RSIPPTE-710
53208;INS_OFF;S1;8188;LowerLimit;;-0.4;;;Updates from the Test-Q data;RSIPPTE-710
53208;INS_OFF;S2;8188;LowerLimit;;-0.2;;;Updates from the Test-Q data;RSIPPTE-710
53208;INS_OFF;B1,Q3;8188;UpperLimit;;1.4;;;Updates from the Test-Q data;RSIPPTE-710
53208;INS_OFF;B2,Q1;8188;UpperLimit;;0.5;;;Updates from the Test-Q data;RSIPPTE-710
53208;INS_OFF;Q2;8188;UpperLimit;;2.9;;;Updates from the Test-Q data;RSIPPTE-710
53208;INS_OFF;S1;8188;UpperLimit;;1.1;;;Updates from the Test-Q data;RSIPPTE-710
53209;INS_OFF;B1,Q3;8188;LowerLimit;;-0.8;;;Updates from the Test-Q data;RSIPPTE-710
53209;INS_OFF;B2,Q1,Q2;8188;LowerLimit;;-0.6;;;Updates from the Test-Q data;RSIPPTE-710
53209;INS_OFF;S1;8188;LowerLimit;;-0.4;;;Updates from the Test-Q data;RSIPPTE-710
53209;INS_OFF;S2;8188;LowerLimit;;-0.2;;;Updates from the Test-Q data;RSIPPTE-710
53209;INS_OFF;B1,Q3;8188;UpperLimit;;1.4;;;Updates from the Test-Q data;RSIPPTE-710
53209;INS_OFF;B2,Q1;8188;UpperLimit;;0.5;;;Updates from the Test-Q data;RSIPPTE-710
53209;INS_OFF;Q2;8188;UpperLimit;;2.9;;;Updates from the Test-Q data;RSIPPTE-710
53209;INS_OFF;S1;8188;UpperLimit;;1.1;;;Updates from the Test-Q data;RSIPPTE-710
53210;INS_OFF;B1,Q3;8188;LowerLimit;;-0.8;;;Updates from the Test-Q data;RSIPPTE-710
53210;INS_OFF;B2,Q1,Q2;8188;LowerLimit;;-0.6;;;Updates from the Test-Q data;RSIPPTE-710
53210;INS_OFF;S1;8188;LowerLimit;;-0.4;;;Updates from the Test-Q data;RSIPPTE-710
53210;INS_OFF;S2;8188;LowerLimit;;-0.2;;;Updates from the Test-Q data;RSIPPTE-710
53210;INS_OFF;B1,Q3;8188;UpperLimit;;1.4;;;Updates from the Test-Q data;RSIPPTE-710
53210;INS_OFF;B2,Q1;8188;UpperLimit;;0.5;;;Updates from the Test-Q data;RSIPPTE-710
53210;INS_OFF;Q2;8188;UpperLimit;;2.9;;;Updates from the Test-Q data;RSIPPTE-710
53210;INS_OFF;S1;8188;UpperLimit;;1.1;;;Updates from the Test-Q data;RSIPPTE-710
53275;INS_OFF;B1,Q3;8188;LowerLimit;;-6.5;;;Updates from the Test-Q data;RSIPPTE-710
53275;INS_OFF;B2,Q1,Q2;8188;LowerLimit;;-0.8;;;Updates from the Test-Q data;RSIPPTE-710
53275;INS_OFF;S1;8188;LowerLimit;;-4.5;;;Updates from the Test-Q data;RSIPPTE-710
53275;INS_OFF;S2;8188;LowerLimit;;0.3;;;Updates from the Test-Q data;RSIPPTE-710
53275;INS_OFF;Q2;8188;UpperLimit;;1;;;Updates from the Test-Q data;RSIPPTE-710
53276;INS_OFF;B1,Q3;8188;LowerLimit;;-6.5;;;Updates from the Test-Q data;RSIPPTE-710
53276;INS_OFF;B2,Q1,Q2;8188;LowerLimit;;-0.8;;;Updates from the Test-Q data;RSIPPTE-710
53276;INS_OFF;S1;8188;LowerLimit;;-4.5;;;Updates from the Test-Q data;RSIPPTE-710
53276;INS_OFF;S2;8188;LowerLimit;;0.3;;;Updates from the Test-Q data;RSIPPTE-710
53276;INS_OFF;Q2;8188;UpperLimit;;1;;;Updates from the Test-Q data;RSIPPTE-710
53277;INS_OFF;B1,Q3;8188;LowerLimit;;-6.5;;;Updates from the Test-Q data;RSIPPTE-710
53277;INS_OFF;B2,Q1,Q2;8188;LowerLimit;;-0.8;;;Updates from the Test-Q data;RSIPPTE-710
53277;INS_OFF;S1;8188;LowerLimit;;-4.5;;;Updates from the Test-Q data;RSIPPTE-710
53277;INS_OFF;S2;8188;LowerLimit;;0.3;;;Updates from the Test-Q data;RSIPPTE-710
53277;INS_OFF;Q2;8188;UpperLimit;;1;;;Updates from the Test-Q data;RSIPPTE-710
53278;INS_OFF;B1,Q3;8188;LowerLimit;;-6.5;;;Updates from the Test-Q data;RSIPPTE-710
53278;INS_OFF;B2,Q1,Q2;8188;LowerLimit;;-0.8;;;Updates from the Test-Q data;RSIPPTE-710
53278;INS_OFF;S1;8188;LowerLimit;;-4.5;;;Updates from the Test-Q data;RSIPPTE-710
53278;INS_OFF;S2;8188;LowerLimit;;0.3;;;Updates from the Test-Q data;RSIPPTE-710
53278;INS_OFF;Q2;8188;UpperLimit;;1;;;Updates from the Test-Q data;RSIPPTE-710
53279;INS_OFF;B1,Q3;8188;LowerLimit;;-6.5;;;Updates from the Test-Q data;RSIPPTE-710
53279;INS_OFF;B2,Q1,Q2;8188;LowerLimit;;-0.8;;;Updates from the Test-Q data;RSIPPTE-710
53279;INS_OFF;S1;8188;LowerLimit;;-4.5;;;Updates from the Test-Q data;RSIPPTE-710
53279;INS_OFF;S2;8188;LowerLimit;;0.3;;;Updates from the Test-Q data;RSIPPTE-710
53279;INS_OFF;Q2;8188;UpperLimit;;1;;;Updates from the Test-Q data;RSIPPTE-710
53280;INS_OFF;B1,Q3;8188;LowerLimit;;-6.5;;;Updates from the Test-Q data;RSIPPTE-710
53280;INS_OFF;B2,Q1,Q2;8188;LowerLimit;;-0.8;;;Updates from the Test-Q data;RSIPPTE-710
53280;INS_OFF;S1;8188;LowerLimit;;-4.5;;;Updates from the Test-Q data;RSIPPTE-710
53280;INS_OFF;S2;8188;LowerLimit;;0.3;;;Updates from the Test-Q data;RSIPPTE-710
53280;INS_OFF;Q2;8188;UpperLimit;;1;;;Updates from the Test-Q data;RSIPPTE-710
53281;INS_OFF;B1,Q3;8188;LowerLimit;;-6.5;;;Updates from the Test-Q data;RSIPPTE-710
53281;INS_OFF;B2,Q1,Q2;8188;LowerLimit;;-0.8;;;Updates from the Test-Q data;RSIPPTE-710
53281;INS_OFF;S1;8188;LowerLimit;;-4.5;;;Updates from the Test-Q data;RSIPPTE-710
53281;INS_OFF;S2;8188;LowerLimit;;0.3;;;Updates from the Test-Q data;RSIPPTE-710
53281;INS_OFF;Q2;8188;UpperLimit;;1;;;Updates from the Test-Q data;RSIPPTE-710
53282;INS_OFF;B1,Q3;8188;LowerLimit;;-6.5;;;Updates from the Test-Q data;RSIPPTE-710
53282;INS_OFF;B2,Q1,Q2;8188;LowerLimit;;-0.8;;;Updates from the Test-Q data;RSIPPTE-710
53282;INS_OFF;S1;8188;LowerLimit;;-4.5;;;Updates from the Test-Q data;RSIPPTE-710
53282;INS_OFF;S2;8188;LowerLimit;;0.3;;;Updates from the Test-Q data;RSIPPTE-710
53282;INS_OFF;Q2;8188;UpperLimit;;1;;;Updates from the Test-Q data;RSIPPTE-710
54059;INS_OFF;B1,Q3;8188;LowerLimit;;-9;;;Updates from the Test-Q data;RSIPPTE-710
54059;INS_OFF;B2,Q1,Q2;8188;LowerLimit;;11;;;Updates from the Test-Q data;RSIPPTE-710
54059;INS_OFF;B1,B2,Q1,Q3;8188;UpperLimit;;29;;;Updates from the Test-Q data;RSIPPTE-710
54059;INS_OFF;Q2;8188;UpperLimit;;49;;;Updates from the Test-Q data;RSIPPTE-710
54060;INS_OFF;B1,Q3;8188;LowerLimit;;-9;;;Updates from the Test-Q data;RSIPPTE-710
54060;INS_OFF;B2,Q1,Q2;8188;LowerLimit;;11;;;Updates from the Test-Q data;RSIPPTE-710
54060;INS_OFF;B1,B2,Q1,Q3;8188;UpperLimit;;29;;;Updates from the Test-Q data;RSIPPTE-710
54060;INS_OFF;Q2;8188;UpperLimit;;49;;;Updates from the Test-Q data;RSIPPTE-710
54061;INS_OFF;B1,Q3;8188;LowerLimit;;-9;;;Updates from the Test-Q data;RSIPPTE-710
54061;INS_OFF;B2,Q1,Q2;8188;LowerLimit;;11;;;Updates from the Test-Q data;RSIPPTE-710
54061;INS_OFF;B1,B2,Q1,Q3;8188;UpperLimit;;29;;;Updates from the Test-Q data;RSIPPTE-710
54061;INS_OFF;Q2;8188;UpperLimit;;49;;;Updates from the Test-Q data;RSIPPTE-710
54062;INS_OFF;B1,Q3;8188;LowerLimit;;-9;;;Updates from the Test-Q data;RSIPPTE-710
54062;INS_OFF;B2,Q1,Q2;8188;LowerLimit;;11;;;Updates from the Test-Q data;RSIPPTE-710
54062;INS_OFF;B1,B2,Q1,Q3;8188;UpperLimit;;29;;;Updates from the Test-Q data;RSIPPTE-710
54062;INS_OFF;Q2;8188;UpperLimit;;49;;;Updates from the Test-Q data;RSIPPTE-710
54063;INS_OFF;B1,Q3;8188;LowerLimit;;-9;;;Updates from the Test-Q data;RSIPPTE-710
54063;INS_OFF;B2,Q1,Q2;8188;LowerLimit;;11;;;Updates from the Test-Q data;RSIPPTE-710
54063;INS_OFF;B1,B2,Q1,Q3;8188;UpperLimit;;29;;;Updates from the Test-Q data;RSIPPTE-710
54063;INS_OFF;Q2;8188;UpperLimit;;49;;;Updates from the Test-Q data;RSIPPTE-710
54064;INS_OFF;B1,Q3;8188;LowerLimit;;-9;;;Updates from the Test-Q data;RSIPPTE-710
54064;INS_OFF;B2,Q1,Q2;8188;LowerLimit;;11;;;Updates from the Test-Q data;RSIPPTE-710
54064;INS_OFF;B1,B2,Q1,Q3;8188;UpperLimit;;29;;;Updates from the Test-Q data;RSIPPTE-710
54064;INS_OFF;Q2;8188;UpperLimit;;49;;;Updates from the Test-Q data;RSIPPTE-710
54065;INS_OFF;B1,Q3;8188;LowerLimit;;-9;;;Updates from the Test-Q data;RSIPPTE-710
54065;INS_OFF;B2,Q1,Q2;8188;LowerLimit;;11;;;Updates from the Test-Q data;RSIPPTE-710
54065;INS_OFF;B1,B2,Q1,Q3;8188;UpperLimit;;29;;;Updates from the Test-Q data;RSIPPTE-710
54065;INS_OFF;Q2;8188;UpperLimit;;49;;;Updates from the Test-Q data;RSIPPTE-710
54066;INS_OFF;B1,Q3;8188;LowerLimit;;-9;;;Updates from the Test-Q data;RSIPPTE-710
54066;INS_OFF;B2,Q1,Q2;8188;LowerLimit;;11;;;Updates from the Test-Q data;RSIPPTE-710
54066;INS_OFF;B1,B2,Q1,Q3;8188;UpperLimit;;29;;;Updates from the Test-Q data;RSIPPTE-710
54066;INS_OFF;Q2;8188;UpperLimit;;49;;;Updates from the Test-Q data;RSIPPTE-710
54067;INS_OFF;B1,Q3;8188;LowerLimit;;-23;;;Updates from the Test-Q data;RSIPPTE-710
54067;INS_OFF;B2,Q1,Q2;8188;LowerLimit;;17;;;Updates from the Test-Q data;RSIPPTE-710
54067;INS_OFF;B1,Q3;8188;UpperLimit;;39;;;Updates from the Test-Q data;RSIPPTE-710
54067;INS_OFF;B2,Q1;8188;UpperLimit;;34;;;Updates from the Test-Q data;RSIPPTE-710
54067;INS_OFF;Q2;8188;UpperLimit;;54;;;Updates from the Test-Q data;RSIPPTE-710
54068;INS_OFF;B1,Q3;8188;LowerLimit;;-23;;;Updates from the Test-Q data;RSIPPTE-710
54068;INS_OFF;B2,Q1,Q2;8188;LowerLimit;;17;;;Updates from the Test-Q data;RSIPPTE-710
54068;INS_OFF;B1,Q3;8188;UpperLimit;;39;;;Updates from the Test-Q data;RSIPPTE-710
54068;INS_OFF;B2,Q1;8188;UpperLimit;;34;;;Updates from the Test-Q data;RSIPPTE-710
54068;INS_OFF;Q2;8188;UpperLimit;;54;;;Updates from the Test-Q data;RSIPPTE-710
54069;INS_OFF;B1,Q3;8188;LowerLimit;;-23;;;Updates from the Test-Q data;RSIPPTE-710
54069;INS_OFF;B2,Q1,Q2;8188;LowerLimit;;17;;;Updates from the Test-Q data;RSIPPTE-710
54069;INS_OFF;B1,Q3;8188;UpperLimit;;39;;;Updates from the Test-Q data;RSIPPTE-710
54069;INS_OFF;B2,Q1;8188;UpperLimit;;34;;;Updates from the Test-Q data;RSIPPTE-710
54069;INS_OFF;Q2;8188;UpperLimit;;54;;;Updates from the Test-Q data;RSIPPTE-710
54070;INS_OFF;B1,Q3;8188;LowerLimit;;-23;;;Updates from the Test-Q data;RSIPPTE-710
54070;INS_OFF;B2,Q1,Q2;8188;LowerLimit;;17;;;Updates from the Test-Q data;RSIPPTE-710
54070;INS_OFF;B1,Q3;8188;UpperLimit;;39;;;Updates from the Test-Q data;RSIPPTE-710
54070;INS_OFF;B2,Q1;8188;UpperLimit;;34;;;Updates from the Test-Q data;RSIPPTE-710
54070;INS_OFF;Q2;8188;UpperLimit;;54;;;Updates from the Test-Q data;RSIPPTE-710
54071;INS_OFF;B1,Q3;8188;LowerLimit;;-23;;;Updates from the Test-Q data;RSIPPTE-710
54071;INS_OFF;B2,Q1,Q2;8188;LowerLimit;;17;;;Updates from the Test-Q data;RSIPPTE-710
54071;INS_OFF;B1,Q3;8188;UpperLimit;;39;;;Updates from the Test-Q data;RSIPPTE-710
54071;INS_OFF;B2,Q1;8188;UpperLimit;;34;;;Updates from the Test-Q data;RSIPPTE-710
54071;INS_OFF;Q2;8188;UpperLimit;;54;;;Updates from the Test-Q data;RSIPPTE-710
54072;INS_OFF;B1,Q3;8188;LowerLimit;;-23;;;Updates from the Test-Q data;RSIPPTE-710
54072;INS_OFF;B2,Q1,Q2;8188;LowerLimit;;17;;;Updates from the Test-Q data;RSIPPTE-710
54072;INS_OFF;B1,Q3;8188;UpperLimit;;39;;;Updates from the Test-Q data;RSIPPTE-710
54072;INS_OFF;B2,Q1;8188;UpperLimit;;34;;;Updates from the Test-Q data;RSIPPTE-710
54072;INS_OFF;Q2;8188;UpperLimit;;54;;;Updates from the Test-Q data;RSIPPTE-710
54073;INS_OFF;B1,Q3;8188;LowerLimit;;-23;;;Updates from the Test-Q data;RSIPPTE-710
54073;INS_OFF;B2,Q1,Q2;8188;LowerLimit;;17;;;Updates from the Test-Q data;RSIPPTE-710
54073;INS_OFF;B1,Q3;8188;UpperLimit;;39;;;Updates from the Test-Q data;RSIPPTE-710
54073;INS_OFF;B2,Q1;8188;UpperLimit;;34;;;Updates from the Test-Q data;RSIPPTE-710
54073;INS_OFF;Q2;8188;UpperLimit;;54;;;Updates from the Test-Q data;RSIPPTE-710
54074;INS_OFF;B1,Q3;8188;LowerLimit;;-23;;;Updates from the Test-Q data;RSIPPTE-710
54074;INS_OFF;B2,Q1,Q2;8188;LowerLimit;;17;;;Updates from the Test-Q data;RSIPPTE-710
54074;INS_OFF;B1,Q3;8188;UpperLimit;;39;;;Updates from the Test-Q data;RSIPPTE-710
54074;INS_OFF;B2,Q1;8188;UpperLimit;;34;;;Updates from the Test-Q data;RSIPPTE-710
54074;INS_OFF;Q2;8188;UpperLimit;;54;;;Updates from the Test-Q data;RSIPPTE-710
54147;INS_OFF;B1,B2,Q1,Q2,Q3;8188;LowerLimit;;-0.6;;;Updates from the Test-Q data;RSIPPTE-710
54147;INS_OFF;S1;8188;LowerLimit;;-0.3;;;Updates from the Test-Q data;RSIPPTE-710
54147;INS_OFF;S2;8188;LowerLimit;;0.1;;;Updates from the Test-Q data;RSIPPTE-710
54147;INS_OFF;B2,Q1,Q2;8188;UpperLimit;;-2.4;;;Updates from the Test-Q data;RSIPPTE-710
54147;INS_OFF;S1;8188;UpperLimit;;0.2;;;Updates from the Test-Q data;RSIPPTE-710
54147;INS_OFF;S2;8188;UpperLimit;;-0.1;;;Updates from the Test-Q data;RSIPPTE-710
54148;INS_OFF;B1,B2,Q1,Q2,Q3;8188;LowerLimit;;-0.6;;;Updates from the Test-Q data;RSIPPTE-710
54148;INS_OFF;S1;8188;LowerLimit;;-0.3;;;Updates from the Test-Q data;RSIPPTE-710
54148;INS_OFF;S2;8188;LowerLimit;;0.1;;;Updates from the Test-Q data;RSIPPTE-710
54148;INS_OFF;B2,Q1,Q2;8188;UpperLimit;;-2.4;;;Updates from the Test-Q data;RSIPPTE-710
54148;INS_OFF;S1;8188;UpperLimit;;0.2;;;Updates from the Test-Q data;RSIPPTE-710
54148;INS_OFF;S2;8188;UpperLimit;;-0.1;;;Updates from the Test-Q data;RSIPPTE-710
54149;INS_OFF;B1,B2,Q1,Q2,Q3;8188;LowerLimit;;-0.6;;;Updates from the Test-Q data;RSIPPTE-710
54149;INS_OFF;S1;8188;LowerLimit;;-0.3;;;Updates from the Test-Q data;RSIPPTE-710
54149;INS_OFF;S2;8188;LowerLimit;;0.1;;;Updates from the Test-Q data;RSIPPTE-710
54149;INS_OFF;B2,Q1,Q2;8188;UpperLimit;;-2.4;;;Updates from the Test-Q data;RSIPPTE-710
54149;INS_OFF;S1;8188;UpperLimit;;0.2;;;Updates from the Test-Q data;RSIPPTE-710
54149;INS_OFF;S2;8188;UpperLimit;;-0.1;;;Updates from the Test-Q data;RSIPPTE-710
54150;INS_OFF;B1,B2,Q1,Q2,Q3;8188;LowerLimit;;-0.6;;;Updates from the Test-Q data;RSIPPTE-710
54150;INS_OFF;S1;8188;LowerLimit;;-0.3;;;Updates from the Test-Q data;RSIPPTE-710
54150;INS_OFF;S2;8188;LowerLimit;;0.1;;;Updates from the Test-Q data;RSIPPTE-710
54150;INS_OFF;B2,Q1,Q2;8188;UpperLimit;;-2.4;;;Updates from the Test-Q data;RSIPPTE-710
54150;INS_OFF;S1;8188;UpperLimit;;0.2;;;Updates from the Test-Q data;RSIPPTE-710
54150;INS_OFF;S2;8188;UpperLimit;;-0.1;;;Updates from the Test-Q data;RSIPPTE-710
54151;INS_OFF;B1,B2,Q1,Q2,Q3;8188;LowerLimit;;-0.6;;;Updates from the Test-Q data;RSIPPTE-710
54151;INS_OFF;S1;8188;LowerLimit;;-0.3;;;Updates from the Test-Q data;RSIPPTE-710
54151;INS_OFF;S2;8188;LowerLimit;;0.1;;;Updates from the Test-Q data;RSIPPTE-710
54151;INS_OFF;B2,Q1,Q2;8188;UpperLimit;;-2.4;;;Updates from the Test-Q data;RSIPPTE-710
54151;INS_OFF;S1;8188;UpperLimit;;0.2;;;Updates from the Test-Q data;RSIPPTE-710
54151;INS_OFF;S2;8188;UpperLimit;;-0.1;;;Updates from the Test-Q data;RSIPPTE-710
54152;INS_OFF;B1,B2,Q1,Q2,Q3;8188;LowerLimit;;-0.6;;;Updates from the Test-Q data;RSIPPTE-710
54152;INS_OFF;S1;8188;LowerLimit;;-0.3;;;Updates from the Test-Q data;RSIPPTE-710
54152;INS_OFF;S2;8188;LowerLimit;;0.1;;;Updates from the Test-Q data;RSIPPTE-710
54152;INS_OFF;B2,Q1,Q2;8188;UpperLimit;;-2.4;;;Updates from the Test-Q data;RSIPPTE-710
54152;INS_OFF;S1;8188;UpperLimit;;0.2;;;Updates from the Test-Q data;RSIPPTE-710
54152;INS_OFF;S2;8188;UpperLimit;;-0.1;;;Updates from the Test-Q data;RSIPPTE-710
54153;INS_OFF;B1,B2,Q1,Q2,Q3;8188;LowerLimit;;-0.6;;;Updates from the Test-Q data;RSIPPTE-710
54153;INS_OFF;S1;8188;LowerLimit;;-0.3;;;Updates from the Test-Q data;RSIPPTE-710
54153;INS_OFF;S2;8188;LowerLimit;;0.1;;;Updates from the Test-Q data;RSIPPTE-710
54153;INS_OFF;B2,Q1,Q2;8188;UpperLimit;;-2.4;;;Updates from the Test-Q data;RSIPPTE-710
54153;INS_OFF;S1;8188;UpperLimit;;0.2;;;Updates from the Test-Q data;RSIPPTE-710
54153;INS_OFF;S2;8188;UpperLimit;;-0.1;;;Updates from the Test-Q data;RSIPPTE-710
54154;INS_OFF;B1,B2,Q1,Q2,Q3;8188;LowerLimit;;-0.6;;;Updates from the Test-Q data;RSIPPTE-710
54154;INS_OFF;S1;8188;LowerLimit;;-0.3;;;Updates from the Test-Q data;RSIPPTE-710
54154;INS_OFF;S2;8188;LowerLimit;;0.1;;;Updates from the Test-Q data;RSIPPTE-710
54154;INS_OFF;B2,Q1,Q2;8188;UpperLimit;;-2.4;;;Updates from the Test-Q data;RSIPPTE-710
54154;INS_OFF;S1;8188;UpperLimit;;0.2;;;Updates from the Test-Q data;RSIPPTE-710
54154;INS_OFF;S2;8188;UpperLimit;;-0.1;;;Updates from the Test-Q data;RSIPPTE-710
54155;INS_OFF;B1,Q3;8188;LowerLimit;;-0.7;;;Updates from the Test-Q data;RSIPPTE-710
54155;INS_OFF;B2,Q1,Q2;8188;LowerLimit;;-0.6;;;Updates from the Test-Q data;RSIPPTE-710
54155;INS_OFF;S1;8188;LowerLimit;;-0.5;;;Updates from the Test-Q data;RSIPPTE-710
54155;INS_OFF;S2;8188;LowerLimit;;-0.2;;;Updates from the Test-Q data;RSIPPTE-710
54155;INS_OFF;B1,Q3;8188;UpperLimit;;0.8;;;Updates from the Test-Q data;RSIPPTE-710
54155;INS_OFF;B2,Q1;8188;UpperLimit;;0.5;;;Updates from the Test-Q data;RSIPPTE-710
54155;INS_OFF;Q2;8188;UpperLimit;;1.3;;;Updates from the Test-Q data;RSIPPTE-710
54155;INS_OFF;S1;8188;UpperLimit;;0.7;;;Updates from the Test-Q data;RSIPPTE-710
54156;INS_OFF;B1,Q3;8188;LowerLimit;;-0.7;;;Updates from the Test-Q data;RSIPPTE-710
54156;INS_OFF;B2,Q1,Q2;8188;LowerLimit;;-0.6;;;Updates from the Test-Q data;RSIPPTE-710
54156;INS_OFF;S1;8188;LowerLimit;;-0.5;;;Updates from the Test-Q data;RSIPPTE-710
54156;INS_OFF;S2;8188;LowerLimit;;-0.2;;;Updates from the Test-Q data;RSIPPTE-710
54156;INS_OFF;B1,Q3;8188;UpperLimit;;0.8;;;Updates from the Test-Q data;RSIPPTE-710
54156;INS_OFF;B2,Q1;8188;UpperLimit;;0.5;;;Updates from the Test-Q data;RSIPPTE-710
54156;INS_OFF;Q2;8188;UpperLimit;;1.3;;;Updates from the Test-Q data;RSIPPTE-710
54156;INS_OFF;S1;8188;UpperLimit;;0.7;;;Updates from the Test-Q data;RSIPPTE-710
54157;INS_OFF;B1,Q3;8188;LowerLimit;;-0.7;;;Updates from the Test-Q data;RSIPPTE-710
54157;INS_OFF;B2,Q1,Q2;8188;LowerLimit;;-0.6;;;Updates from the Test-Q data;RSIPPTE-710
54157;INS_OFF;S1;8188;LowerLimit;;-0.5;;;Updates from the Test-Q data;RSIPPTE-710
54157;INS_OFF;S2;8188;LowerLimit;;-0.2;;;Updates from the Test-Q data;RSIPPTE-710
54157;INS_OFF;B1,Q3;8188;UpperLimit;;0.8;;;Updates from the Test-Q data;RSIPPTE-710
54157;INS_OFF;B2,Q1;8188;UpperLimit;;0.5;;;Updates from the Test-Q data;RSIPPTE-710
54157;INS_OFF;Q2;8188;UpperLimit;;1.3;;;Updates from the Test-Q data;RSIPPTE-710
54157;INS_OFF;S1;8188;UpperLimit;;0.7;;;Updates from the Test-Q data;RSIPPTE-710
54158;INS_OFF;B1,Q3;8188;LowerLimit;;-0.7;;;Updates from the Test-Q data;RSIPPTE-710
54158;INS_OFF;B2,Q1,Q2;8188;LowerLimit;;-0.6;;;Updates from the Test-Q data;RSIPPTE-710
54158;INS_OFF;S1;8188;LowerLimit;;-0.5;;;Updates from the Test-Q data;RSIPPTE-710
54158;INS_OFF;S2;8188;LowerLimit;;-0.2;;;Updates from the Test-Q data;RSIPPTE-710
54158;INS_OFF;B1,Q3;8188;UpperLimit;;0.8;;;Updates from the Test-Q data;RSIPPTE-710
54158;INS_OFF;B2,Q1;8188;UpperLimit;;0.5;;;Updates from the Test-Q data;RSIPPTE-710
54158;INS_OFF;Q2;8188;UpperLimit;;1.3;;;Updates from the Test-Q data;RSIPPTE-710
54158;INS_OFF;S1;8188;UpperLimit;;0.7;;;Updates from the Test-Q data;RSIPPTE-710
54159;INS_OFF;B1,Q3;8188;LowerLimit;;-0.7;;;Updates from the Test-Q data;RSIPPTE-710
54159;INS_OFF;B2,Q1,Q2;8188;LowerLimit;;-0.6;;;Updates from the Test-Q data;RSIPPTE-710
54159;INS_OFF;S1;8188;LowerLimit;;-0.5;;;Updates from the Test-Q data;RSIPPTE-710
54159;INS_OFF;S2;8188;LowerLimit;;-0.2;;;Updates from the Test-Q data;RSIPPTE-710
54159;INS_OFF;B1,Q3;8188;UpperLimit;;0.8;;;Updates from the Test-Q data;RSIPPTE-710
54159;INS_OFF;B2,Q1;8188;UpperLimit;;0.5;;;Updates from the Test-Q data;RSIPPTE-710
54159;INS_OFF;Q2;8188;UpperLimit;;1.3;;;Updates from the Test-Q data;RSIPPTE-710
54159;INS_OFF;S1;8188;UpperLimit;;0.7;;;Updates from the Test-Q data;RSIPPTE-710
54160;INS_OFF;B1,Q3;8188;LowerLimit;;-0.7;;;Updates from the Test-Q data;RSIPPTE-710
54160;INS_OFF;B2,Q1,Q2;8188;LowerLimit;;-0.6;;;Updates from the Test-Q data;RSIPPTE-710
54160;INS_OFF;S1;8188;LowerLimit;;-0.5;;;Updates from the Test-Q data;RSIPPTE-710
54160;INS_OFF;S2;8188;LowerLimit;;-0.2;;;Updates from the Test-Q data;RSIPPTE-710
54160;INS_OFF;B1,Q3;8188;UpperLimit;;0.8;;;Updates from the Test-Q data;RSIPPTE-710
54160;INS_OFF;B2,Q1;8188;UpperLimit;;0.5;;;Updates from the Test-Q data;RSIPPTE-710
54160;INS_OFF;Q2;8188;UpperLimit;;1.3;;;Updates from the Test-Q data;RSIPPTE-710
54160;INS_OFF;S1;8188;UpperLimit;;0.7;;;Updates from the Test-Q data;RSIPPTE-710
54161;INS_OFF;B1,Q3;8188;LowerLimit;;-0.7;;;Updates from the Test-Q data;RSIPPTE-710
54161;INS_OFF;B2,Q1,Q2;8188;LowerLimit;;-0.6;;;Updates from the Test-Q data;RSIPPTE-710
54161;INS_OFF;S1;8188;LowerLimit;;-0.5;;;Updates from the Test-Q data;RSIPPTE-710
54161;INS_OFF;S2;8188;LowerLimit;;-0.2;;;Updates from the Test-Q data;RSIPPTE-710
54161;INS_OFF;B1,Q3;8188;UpperLimit;;0.8;;;Updates from the Test-Q data;RSIPPTE-710
54161;INS_OFF;B2,Q1;8188;UpperLimit;;0.5;;;Updates from the Test-Q data;RSIPPTE-710
54161;INS_OFF;Q2;8188;UpperLimit;;1.3;;;Updates from the Test-Q data;RSIPPTE-710
54161;INS_OFF;S1;8188;UpperLimit;;0.7;;;Updates from the Test-Q data;RSIPPTE-710
54162;INS_OFF;B1,Q3;8188;LowerLimit;;-0.7;;;Updates from the Test-Q data;RSIPPTE-710
54162;INS_OFF;B2,Q1,Q2;8188;LowerLimit;;-0.6;;;Updates from the Test-Q data;RSIPPTE-710
54162;INS_OFF;S1;8188;LowerLimit;;-0.5;;;Updates from the Test-Q data;RSIPPTE-710
54162;INS_OFF;S2;8188;LowerLimit;;-0.2;;;Updates from the Test-Q data;RSIPPTE-710
54162;INS_OFF;B1,Q3;8188;UpperLimit;;0.8;;;Updates from the Test-Q data;RSIPPTE-710
54162;INS_OFF;B2,Q1;8188;UpperLimit;;0.5;;;Updates from the Test-Q data;RSIPPTE-710
54162;INS_OFF;Q2;8188;UpperLimit;;1.3;;;Updates from the Test-Q data;RSIPPTE-710
54162;INS_OFF;S1;8188;UpperLimit;;0.7;;;Updates from the Test-Q data;RSIPPTE-710
54163;INS_OFF;B1,Q3;8188;LowerLimit;;-0.7;;;Updates from the Test-Q data;RSIPPTE-710
54163;INS_OFF;B2,Q1,Q2;8188;LowerLimit;;-0.8;;;Updates from the Test-Q data;RSIPPTE-710
54163;INS_OFF;S1;8188;LowerLimit;;-0.5;;;Updates from the Test-Q data;RSIPPTE-710
54163;INS_OFF;S2;8188;LowerLimit;;-0.2;;;Updates from the Test-Q data;RSIPPTE-710
54163;INS_OFF;B1,Q3;8188;UpperLimit;;1;;;Updates from the Test-Q data;RSIPPTE-710
54163;INS_OFF;B2,Q1;8188;UpperLimit;;0.8;;;Updates from the Test-Q data;RSIPPTE-710
54163;INS_OFF;Q2;8188;UpperLimit;;1.9;;;Updates from the Test-Q data;RSIPPTE-710
54163;INS_OFF;S1;8188;UpperLimit;;0.7;;;Updates from the Test-Q data;RSIPPTE-710
54164;INS_OFF;B1,Q3;8188;LowerLimit;;-0.7;;;Updates from the Test-Q data;RSIPPTE-710
54164;INS_OFF;B2,Q1,Q2;8188;LowerLimit;;-0.8;;;Updates from the Test-Q data;RSIPPTE-710
54164;INS_OFF;S1;8188;LowerLimit;;-0.5;;;Updates from the Test-Q data;RSIPPTE-710
54164;INS_OFF;S2;8188;LowerLimit;;-0.2;;;Updates from the Test-Q data;RSIPPTE-710
54164;INS_OFF;B1,Q3;8188;UpperLimit;;1;;;Updates from the Test-Q data;RSIPPTE-710
54164;INS_OFF;B2,Q1;8188;UpperLimit;;0.8;;;Updates from the Test-Q data;RSIPPTE-710
54164;INS_OFF;Q2;8188;UpperLimit;;1.9;;;Updates from the Test-Q data;RSIPPTE-710
54164;INS_OFF;S1;8188;UpperLimit;;0.7;;;Updates from the Test-Q data;RSIPPTE-710
54165;INS_OFF;B1,Q3;8188;LowerLimit;;-0.7;;;Updates from the Test-Q data;RSIPPTE-710
54165;INS_OFF;B2,Q1,Q2;8188;LowerLimit;;-0.8;;;Updates from the Test-Q data;RSIPPTE-710
54165;INS_OFF;S1;8188;LowerLimit;;-0.5;;;Updates from the Test-Q data;RSIPPTE-710
54165;INS_OFF;S2;8188;LowerLimit;;-0.2;;;Updates from the Test-Q data;RSIPPTE-710
54165;INS_OFF;B1,Q3;8188;UpperLimit;;1;;;Updates from the Test-Q data;RSIPPTE-710
54165;INS_OFF;B2,Q1;8188;UpperLimit;;0.8;;;Updates from the Test-Q data;RSIPPTE-710
54165;INS_OFF;Q2;8188;UpperLimit;;1.9;;;Updates from the Test-Q data;RSIPPTE-710
54165;INS_OFF;S1;8188;UpperLimit;;0.7;;;Updates from the Test-Q data;RSIPPTE-710
54166;INS_OFF;B1,Q3;8188;LowerLimit;;-0.7;;;Updates from the Test-Q data;RSIPPTE-710
54166;INS_OFF;B2,Q1,Q2;8188;LowerLimit;;-0.8;;;Updates from the Test-Q data;RSIPPTE-710
54166;INS_OFF;S1;8188;LowerLimit;;-0.5;;;Updates from the Test-Q data;RSIPPTE-710
54166;INS_OFF;S2;8188;LowerLimit;;-0.2;;;Updates from the Test-Q data;RSIPPTE-710
54166;INS_OFF;B1,Q3;8188;UpperLimit;;1;;;Updates from the Test-Q data;RSIPPTE-710
54166;INS_OFF;B2,Q1;8188;UpperLimit;;0.8;;;Updates from the Test-Q data;RSIPPTE-710
54166;INS_OFF;Q2;8188;UpperLimit;;1.9;;;Updates from the Test-Q data;RSIPPTE-710
54166;INS_OFF;S1;8188;UpperLimit;;0.7;;;Updates from the Test-Q data;RSIPPTE-710
54167;INS_OFF;B1,Q3;8188;LowerLimit;;-0.7;;;Updates from the Test-Q data;RSIPPTE-710
54167;INS_OFF;B2,Q1,Q2;8188;LowerLimit;;-0.8;;;Updates from the Test-Q data;RSIPPTE-710
54167;INS_OFF;S1;8188;LowerLimit;;-0.5;;;Updates from the Test-Q data;RSIPPTE-710
54167;INS_OFF;S2;8188;LowerLimit;;-0.2;;;Updates from the Test-Q data;RSIPPTE-710
54167;INS_OFF;B1,Q3;8188;UpperLimit;;1;;;Updates from the Test-Q data;RSIPPTE-710
54167;INS_OFF;B2,Q1;8188;UpperLimit;;0.8;;;Updates from the Test-Q data;RSIPPTE-710
54167;INS_OFF;Q2;8188;UpperLimit;;1.9;;;Updates from the Test-Q data;RSIPPTE-710
54167;INS_OFF;S1;8188;UpperLimit;;0.7;;;Updates from the Test-Q data;RSIPPTE-710
54168;INS_OFF;B1,Q3;8188;LowerLimit;;-0.7;;;Updates from the Test-Q data;RSIPPTE-710
54168;INS_OFF;B2,Q1,Q2;8188;LowerLimit;;-0.8;;;Updates from the Test-Q data;RSIPPTE-710
54168;INS_OFF;S1;8188;LowerLimit;;-0.5;;;Updates from the Test-Q data;RSIPPTE-710
54168;INS_OFF;S2;8188;LowerLimit;;-0.2;;;Updates from the Test-Q data;RSIPPTE-710
54168;INS_OFF;B1,Q3;8188;UpperLimit;;1;;;Updates from the Test-Q data;RSIPPTE-710
54168;INS_OFF;B2,Q1;8188;UpperLimit;;0.8;;;Updates from the Test-Q data;RSIPPTE-710
54168;INS_OFF;Q2;8188;UpperLimit;;1.9;;;Updates from the Test-Q data;RSIPPTE-710
54168;INS_OFF;S1;8188;UpperLimit;;0.7;;;Updates from the Test-Q data;RSIPPTE-710
54169;INS_OFF;B1,Q3;8188;LowerLimit;;-0.7;;;Updates from the Test-Q data;RSIPPTE-710
54169;INS_OFF;B2,Q1,Q2;8188;LowerLimit;;-0.8;;;Updates from the Test-Q data;RSIPPTE-710
54169;INS_OFF;S1;8188;LowerLimit;;-0.5;;;Updates from the Test-Q data;RSIPPTE-710
54169;INS_OFF;S2;8188;LowerLimit;;-0.2;;;Updates from the Test-Q data;RSIPPTE-710
54169;INS_OFF;B1,Q3;8188;UpperLimit;;1;;;Updates from the Test-Q data;RSIPPTE-710
54169;INS_OFF;B2,Q1;8188;UpperLimit;;0.8;;;Updates from the Test-Q data;RSIPPTE-710
54169;INS_OFF;Q2;8188;UpperLimit;;1.9;;;Updates from the Test-Q data;RSIPPTE-710
54169;INS_OFF;S1;8188;UpperLimit;;0.7;;;Updates from the Test-Q data;RSIPPTE-710
54170;INS_OFF;B1,Q3;8188;LowerLimit;;-0.7;;;Updates from the Test-Q data;RSIPPTE-710
54170;INS_OFF;B2,Q1,Q2;8188;LowerLimit;;-0.8;;;Updates from the Test-Q data;RSIPPTE-710
54170;INS_OFF;S1;8188;LowerLimit;;-0.5;;;Updates from the Test-Q data;RSIPPTE-710
54170;INS_OFF;S2;8188;LowerLimit;;-0.2;;;Updates from the Test-Q data;RSIPPTE-710
54170;INS_OFF;B1,Q3;8188;UpperLimit;;1;;;Updates from the Test-Q data;RSIPPTE-710
54170;INS_OFF;B2,Q1;8188;UpperLimit;;0.8;;;Updates from the Test-Q data;RSIPPTE-710
54170;INS_OFF;Q2;8188;UpperLimit;;1.9;;;Updates from the Test-Q data;RSIPPTE-710
54170;INS_OFF;S1;8188;UpperLimit;;0.7;;;Updates from the Test-Q data;RSIPPTE-710
54171;INS_OFF;B1,Q3;8188;LowerLimit;;-0.9;;;Updates from the Test-Q data;RSIPPTE-710
54171;INS_OFF;B2,Q1,Q2;8188;LowerLimit;;-0.8;;;Updates from the Test-Q data;RSIPPTE-710
54171;INS_OFF;S1;8188;LowerLimit;;-0.5;;;Updates from the Test-Q data;RSIPPTE-710
54171;INS_OFF;S2;8188;LowerLimit;;-0.2;;;Updates from the Test-Q data;RSIPPTE-710
54171;INS_OFF;B1,Q3;8188;UpperLimit;;1;;;Updates from the Test-Q data;RSIPPTE-710
54171;INS_OFF;B2,Q1;8188;UpperLimit;;0.7;;;Updates from the Test-Q data;RSIPPTE-710
54171;INS_OFF;Q2;8188;UpperLimit;;2;;;Updates from the Test-Q data;RSIPPTE-710
54171;INS_OFF;S1;8188;UpperLimit;;0.6;;;Updates from the Test-Q data;RSIPPTE-710
54171;INS_OFF;S2;8188;UpperLimit;;-0.1;;;Updates from the Test-Q data;RSIPPTE-710
54172;INS_OFF;B1,Q3;8188;LowerLimit;;-0.9;;;Updates from the Test-Q data;RSIPPTE-710
54172;INS_OFF;B2,Q1,Q2;8188;LowerLimit;;-0.8;;;Updates from the Test-Q data;RSIPPTE-710
54172;INS_OFF;S1;8188;LowerLimit;;-0.5;;;Updates from the Test-Q data;RSIPPTE-710
54172;INS_OFF;S2;8188;LowerLimit;;-0.2;;;Updates from the Test-Q data;RSIPPTE-710
54172;INS_OFF;B1,Q3;8188;UpperLimit;;1;;;Updates from the Test-Q data;RSIPPTE-710
54172;INS_OFF;B2,Q1;8188;UpperLimit;;0.7;;;Updates from the Test-Q data;RSIPPTE-710
54172;INS_OFF;Q2;8188;UpperLimit;;2;;;Updates from the Test-Q data;RSIPPTE-710
54172;INS_OFF;S1;8188;UpperLimit;;0.6;;;Updates from the Test-Q data;RSIPPTE-710
54172;INS_OFF;S2;8188;UpperLimit;;-0.1;;;Updates from the Test-Q data;RSIPPTE-710
54173;INS_OFF;B1,Q3;8188;LowerLimit;;-0.9;;;Updates from the Test-Q data;RSIPPTE-710
54173;INS_OFF;B2,Q1,Q2;8188;LowerLimit;;-0.8;;;Updates from the Test-Q data;RSIPPTE-710
54173;INS_OFF;S1;8188;LowerLimit;;-0.5;;;Updates from the Test-Q data;RSIPPTE-710
54173;INS_OFF;S2;8188;LowerLimit;;-0.2;;;Updates from the Test-Q data;RSIPPTE-710
54173;INS_OFF;B1,Q3;8188;UpperLimit;;1;;;Updates from the Test-Q data;RSIPPTE-710
54173;INS_OFF;B2,Q1;8188;UpperLimit;;0.7;;;Updates from the Test-Q data;RSIPPTE-710
54173;INS_OFF;Q2;8188;UpperLimit;;2;;;Updates from the Test-Q data;RSIPPTE-710
54173;INS_OFF;S1;8188;UpperLimit;;0.6;;;Updates from the Test-Q data;RSIPPTE-710
54173;INS_OFF;S2;8188;UpperLimit;;-0.1;;;Updates from the Test-Q data;RSIPPTE-710
54174;INS_OFF;B1,Q3;8188;LowerLimit;;-0.9;;;Updates from the Test-Q data;RSIPPTE-710
54174;INS_OFF;B2,Q1,Q2;8188;LowerLimit;;-0.8;;;Updates from the Test-Q data;RSIPPTE-710
54174;INS_OFF;S1;8188;LowerLimit;;-0.5;;;Updates from the Test-Q data;RSIPPTE-710
54174;INS_OFF;S2;8188;LowerLimit;;-0.2;;;Updates from the Test-Q data;RSIPPTE-710
54174;INS_OFF;B1,Q3;8188;UpperLimit;;1;;;Updates from the Test-Q data;RSIPPTE-710
54174;INS_OFF;B2,Q1;8188;UpperLimit;;0.7;;;Updates from the Test-Q data;RSIPPTE-710
54174;INS_OFF;Q2;8188;UpperLimit;;2;;;Updates from the Test-Q data;RSIPPTE-710
54174;INS_OFF;S1;8188;UpperLimit;;0.6;;;Updates from the Test-Q data;RSIPPTE-710
54174;INS_OFF;S2;8188;UpperLimit;;-0.1;;;Updates from the Test-Q data;RSIPPTE-710
54175;INS_OFF;B1,Q3;8188;LowerLimit;;-0.9;;;Updates from the Test-Q data;RSIPPTE-710
54175;INS_OFF;B2,Q1,Q2;8188;LowerLimit;;-0.8;;;Updates from the Test-Q data;RSIPPTE-710
54175;INS_OFF;S1;8188;LowerLimit;;-0.5;;;Updates from the Test-Q data;RSIPPTE-710
54175;INS_OFF;S2;8188;LowerLimit;;-0.2;;;Updates from the Test-Q data;RSIPPTE-710
54175;INS_OFF;B1,Q3;8188;UpperLimit;;1;;;Updates from the Test-Q data;RSIPPTE-710
54175;INS_OFF;B2,Q1;8188;UpperLimit;;0.7;;;Updates from the Test-Q data;RSIPPTE-710
54175;INS_OFF;Q2;8188;UpperLimit;;2;;;Updates from the Test-Q data;RSIPPTE-710
54175;INS_OFF;S1;8188;UpperLimit;;0.6;;;Updates from the Test-Q data;RSIPPTE-710
54175;INS_OFF;S2;8188;UpperLimit;;-0.1;;;Updates from the Test-Q data;RSIPPTE-710
54176;INS_OFF;B1,Q3;8188;LowerLimit;;-0.9;;;Updates from the Test-Q data;RSIPPTE-710
54176;INS_OFF;B2,Q1,Q2;8188;LowerLimit;;-0.8;;;Updates from the Test-Q data;RSIPPTE-710
54176;INS_OFF;S1;8188;LowerLimit;;-0.5;;;Updates from the Test-Q data;RSIPPTE-710
54176;INS_OFF;S2;8188;LowerLimit;;-0.2;;;Updates from the Test-Q data;RSIPPTE-710
54176;INS_OFF;B1,Q3;8188;UpperLimit;;1;;;Updates from the Test-Q data;RSIPPTE-710
54176;INS_OFF;B2,Q1;8188;UpperLimit;;0.7;;;Updates from the Test-Q data;RSIPPTE-710
54176;INS_OFF;Q2;8188;UpperLimit;;2;;;Updates from the Test-Q data;RSIPPTE-710
54176;INS_OFF;S1;8188;UpperLimit;;0.6;;;Updates from the Test-Q data;RSIPPTE-710
54176;INS_OFF;S2;8188;UpperLimit;;-0.1;;;Updates from the Test-Q data;RSIPPTE-710
54177;INS_OFF;B1,Q3;8188;LowerLimit;;-0.9;;;Updates from the Test-Q data;RSIPPTE-710
54177;INS_OFF;B2,Q1,Q2;8188;LowerLimit;;-0.8;;;Updates from the Test-Q data;RSIPPTE-710
54177;INS_OFF;S1;8188;LowerLimit;;-0.5;;;Updates from the Test-Q data;RSIPPTE-710
54177;INS_OFF;S2;8188;LowerLimit;;-0.2;;;Updates from the Test-Q data;RSIPPTE-710
54177;INS_OFF;B1,Q3;8188;UpperLimit;;1;;;Updates from the Test-Q data;RSIPPTE-710
54177;INS_OFF;B2,Q1;8188;UpperLimit;;0.7;;;Updates from the Test-Q data;RSIPPTE-710
54177;INS_OFF;Q2;8188;UpperLimit;;2;;;Updates from the Test-Q data;RSIPPTE-710
54177;INS_OFF;S1;8188;UpperLimit;;0.6;;;Updates from the Test-Q data;RSIPPTE-710
54177;INS_OFF;S2;8188;UpperLimit;;-0.1;;;Updates from the Test-Q data;RSIPPTE-710
54178;INS_OFF;B1,Q3;8188;LowerLimit;;-0.9;;;Updates from the Test-Q data;RSIPPTE-710
54178;INS_OFF;B2,Q1,Q2;8188;LowerLimit;;-0.8;;;Updates from the Test-Q data;RSIPPTE-710
54178;INS_OFF;S1;8188;LowerLimit;;-0.5;;;Updates from the Test-Q data;RSIPPTE-710
54178;INS_OFF;S2;8188;LowerLimit;;-0.2;;;Updates from the Test-Q data;RSIPPTE-710
54178;INS_OFF;B1,Q3;8188;UpperLimit;;1;;;Updates from the Test-Q data;RSIPPTE-710
54178;INS_OFF;B2,Q1;8188;UpperLimit;;0.7;;;Updates from the Test-Q data;RSIPPTE-710
54178;INS_OFF;Q2;8188;UpperLimit;;2;;;Updates from the Test-Q data;RSIPPTE-710
54178;INS_OFF;S1;8188;UpperLimit;;0.6;;;Updates from the Test-Q data;RSIPPTE-710
54178;INS_OFF;S2;8188;UpperLimit;;-0.1;;;Updates from the Test-Q data;RSIPPTE-710
54243;INS_OFF;B1,Q3;8188;LowerLimit;;-6;;;Updates from the Test-Q data;RSIPPTE-710
54243;INS_OFF;B2,Q1,Q2;8188;LowerLimit;;-1.1;;;Updates from the Test-Q data;RSIPPTE-710
54243;INS_OFF;S1;8188;LowerLimit;;-3.7;;;Updates from the Test-Q data;RSIPPTE-710
54243;INS_OFF;S2;8188;LowerLimit;;0.2;;;Updates from the Test-Q data;RSIPPTE-710
54243;INS_OFF;Q2;8188;UpperLimit;;1;;;Updates from the Test-Q data;RSIPPTE-710
54244;INS_OFF;B1,Q3;8188;LowerLimit;;-6;;;Updates from the Test-Q data;RSIPPTE-710
54244;INS_OFF;B2,Q1,Q2;8188;LowerLimit;;-1.1;;;Updates from the Test-Q data;RSIPPTE-710
54244;INS_OFF;S1;8188;LowerLimit;;-3.7;;;Updates from the Test-Q data;RSIPPTE-710
54244;INS_OFF;S2;8188;LowerLimit;;0.2;;;Updates from the Test-Q data;RSIPPTE-710
54244;INS_OFF;Q2;8188;UpperLimit;;1;;;Updates from the Test-Q data;RSIPPTE-710
54245;INS_OFF;B1,Q3;8188;LowerLimit;;-6;;;Updates from the Test-Q data;RSIPPTE-710
54245;INS_OFF;B2,Q1,Q2;8188;LowerLimit;;-1.1;;;Updates from the Test-Q data;RSIPPTE-710
54245;INS_OFF;S1;8188;LowerLimit;;-3.7;;;Updates from the Test-Q data;RSIPPTE-710
54245;INS_OFF;S2;8188;LowerLimit;;0.2;;;Updates from the Test-Q data;RSIPPTE-710
54245;INS_OFF;Q2;8188;UpperLimit;;1;;;Updates from the Test-Q data;RSIPPTE-710
54246;INS_OFF;B1,Q3;8188;LowerLimit;;-6;;;Updates from the Test-Q data;RSIPPTE-710
54246;INS_OFF;B2,Q1,Q2;8188;LowerLimit;;-1.1;;;Updates from the Test-Q data;RSIPPTE-710
54246;INS_OFF;S1;8188;LowerLimit;;-3.7;;;Updates from the Test-Q data;RSIPPTE-710
54246;INS_OFF;S2;8188;LowerLimit;;0.2;;;Updates from the Test-Q data;RSIPPTE-710
54246;INS_OFF;Q2;8188;UpperLimit;;1;;;Updates from the Test-Q data;RSIPPTE-710
54247;INS_OFF;B1,Q3;8188;LowerLimit;;-6;;;Updates from the Test-Q data;RSIPPTE-710
54247;INS_OFF;B2,Q1,Q2;8188;LowerLimit;;-1.1;;;Updates from the Test-Q data;RSIPPTE-710
54247;INS_OFF;S1;8188;LowerLimit;;-3.7;;;Updates from the Test-Q data;RSIPPTE-710
54247;INS_OFF;S2;8188;LowerLimit;;0.2;;;Updates from the Test-Q data;RSIPPTE-710
54247;INS_OFF;Q2;8188;UpperLimit;;1;;;Updates from the Test-Q data;RSIPPTE-710
54248;INS_OFF;B1,Q3;8188;LowerLimit;;-6;;;Updates from the Test-Q data;RSIPPTE-710
54248;INS_OFF;B2,Q1,Q2;8188;LowerLimit;;-1.1;;;Updates from the Test-Q data;RSIPPTE-710
54248;INS_OFF;S1;8188;LowerLimit;;-3.7;;;Updates from the Test-Q data;RSIPPTE-710
54248;INS_OFF;S2;8188;LowerLimit;;0.2;;;Updates from the Test-Q data;RSIPPTE-710
54248;INS_OFF;Q2;8188;UpperLimit;;1;;;Updates from the Test-Q data;RSIPPTE-710
54249;INS_OFF;B1,Q3;8188;LowerLimit;;-6;;;Updates from the Test-Q data;RSIPPTE-710
54249;INS_OFF;B2,Q1,Q2;8188;LowerLimit;;-1.1;;;Updates from the Test-Q data;RSIPPTE-710
54249;INS_OFF;S1;8188;LowerLimit;;-3.7;;;Updates from the Test-Q data;RSIPPTE-710
54249;INS_OFF;S2;8188;LowerLimit;;0.2;;;Updates from the Test-Q data;RSIPPTE-710
54249;INS_OFF;Q2;8188;UpperLimit;;1;;;Updates from the Test-Q data;RSIPPTE-710
54250;INS_OFF;B1,Q3;8188;LowerLimit;;-6;;;Updates from the Test-Q data;RSIPPTE-710
54250;INS_OFF;B2,Q1,Q2;8188;LowerLimit;;-1.1;;;Updates from the Test-Q data;RSIPPTE-710
54250;INS_OFF;S1;8188;LowerLimit;;-3.7;;;Updates from the Test-Q data;RSIPPTE-710
54250;INS_OFF;S2;8188;LowerLimit;;0.2;;;Updates from the Test-Q data;RSIPPTE-710
54250;INS_OFF;Q2;8188;UpperLimit;;1;;;Updates from the Test-Q data;RSIPPTE-710
55059;INS_OFF;B1,Q3;8188;LowerLimit;;-9;;;Updates from the Test-Q data;RSIPPTE-710
55059;INS_OFF;B2,Q1,Q2;8188;LowerLimit;;11;;;Updates from the Test-Q data;RSIPPTE-710
55059;INS_OFF;B1,B2,Q1,Q3;8188;UpperLimit;;29;;;Updates from the Test-Q data;RSIPPTE-710
55059;INS_OFF;Q2;8188;UpperLimit;;49;;;Updates from the Test-Q data;RSIPPTE-710
55060;INS_OFF;B1,Q3;8188;LowerLimit;;-9;;;Updates from the Test-Q data;RSIPPTE-710
55060;INS_OFF;B2,Q1,Q2;8188;LowerLimit;;11;;;Updates from the Test-Q data;RSIPPTE-710
55060;INS_OFF;B1,B2,Q1,Q3;8188;UpperLimit;;29;;;Updates from the Test-Q data;RSIPPTE-710
55060;INS_OFF;Q2;8188;UpperLimit;;49;;;Updates from the Test-Q data;RSIPPTE-710
55061;INS_OFF;B1,Q3;8188;LowerLimit;;-9;;;Updates from the Test-Q data;RSIPPTE-710
55061;INS_OFF;B2,Q1,Q2;8188;LowerLimit;;11;;;Updates from the Test-Q data;RSIPPTE-710
55061;INS_OFF;B1,B2,Q1,Q3;8188;UpperLimit;;29;;;Updates from the Test-Q data;RSIPPTE-710
55061;INS_OFF;Q2;8188;UpperLimit;;49;;;Updates from the Test-Q data;RSIPPTE-710
55062;INS_OFF;B1,Q3;8188;LowerLimit;;-9;;;Updates from the Test-Q data;RSIPPTE-710
55062;INS_OFF;B2,Q1,Q2;8188;LowerLimit;;11;;;Updates from the Test-Q data;RSIPPTE-710
55062;INS_OFF;B1,B2,Q1,Q3;8188;UpperLimit;;29;;;Updates from the Test-Q data;RSIPPTE-710
55062;INS_OFF;Q2;8188;UpperLimit;;49;;;Updates from the Test-Q data;RSIPPTE-710
55063;INS_OFF;B1,Q3;8188;LowerLimit;;-9;;;Updates from the Test-Q data;RSIPPTE-710
55063;INS_OFF;B2,Q1,Q2;8188;LowerLimit;;11;;;Updates from the Test-Q data;RSIPPTE-710
55063;INS_OFF;B1,B2,Q1,Q3;8188;UpperLimit;;29;;;Updates from the Test-Q data;RSIPPTE-710
55063;INS_OFF;Q2;8188;UpperLimit;;49;;;Updates from the Test-Q data;RSIPPTE-710
55064;INS_OFF;B1,Q3;8188;LowerLimit;;-9;;;Updates from the Test-Q data;RSIPPTE-710
55064;INS_OFF;B2,Q1,Q2;8188;LowerLimit;;11;;;Updates from the Test-Q data;RSIPPTE-710
55064;INS_OFF;B1,B2,Q1,Q3;8188;UpperLimit;;29;;;Updates from the Test-Q data;RSIPPTE-710
55064;INS_OFF;Q2;8188;UpperLimit;;49;;;Updates from the Test-Q data;RSIPPTE-710
55065;INS_OFF;B1,Q3;8188;LowerLimit;;-9;;;Updates from the Test-Q data;RSIPPTE-710
55065;INS_OFF;B2,Q1,Q2;8188;LowerLimit;;11;;;Updates from the Test-Q data;RSIPPTE-710
55065;INS_OFF;B1,B2,Q1,Q3;8188;UpperLimit;;29;;;Updates from the Test-Q data;RSIPPTE-710
55065;INS_OFF;Q2;8188;UpperLimit;;49;;;Updates from the Test-Q data;RSIPPTE-710
55066;INS_OFF;B1,Q3;8188;LowerLimit;;-9;;;Updates from the Test-Q data;RSIPPTE-710
55066;INS_OFF;B2,Q1,Q2;8188;LowerLimit;;11;;;Updates from the Test-Q data;RSIPPTE-710
55066;INS_OFF;B1,B2,Q1,Q3;8188;UpperLimit;;29;;;Updates from the Test-Q data;RSIPPTE-710
55066;INS_OFF;Q2;8188;UpperLimit;;49;;;Updates from the Test-Q data;RSIPPTE-710
55067;INS_OFF;B1,Q3;8188;LowerLimit;;-23;;;Updates from the Test-Q data;RSIPPTE-710
55067;INS_OFF;B2,Q1,Q2;8188;LowerLimit;;17;;;Updates from the Test-Q data;RSIPPTE-710
55067;INS_OFF;B1,Q3;8188;UpperLimit;;39;;;Updates from the Test-Q data;RSIPPTE-710
55067;INS_OFF;B2,Q1;8188;UpperLimit;;34;;;Updates from the Test-Q data;RSIPPTE-710
55067;INS_OFF;Q2;8188;UpperLimit;;54;;;Updates from the Test-Q data;RSIPPTE-710
55068;INS_OFF;B1,Q3;8188;LowerLimit;;-23;;;Updates from the Test-Q data;RSIPPTE-710
55068;INS_OFF;B2,Q1,Q2;8188;LowerLimit;;17;;;Updates from the Test-Q data;RSIPPTE-710
55068;INS_OFF;B1,Q3;8188;UpperLimit;;39;;;Updates from the Test-Q data;RSIPPTE-710
55068;INS_OFF;B2,Q1;8188;UpperLimit;;34;;;Updates from the Test-Q data;RSIPPTE-710
55068;INS_OFF;Q2;8188;UpperLimit;;54;;;Updates from the Test-Q data;RSIPPTE-710
55069;INS_OFF;B1,Q3;8188;LowerLimit;;-23;;;Updates from the Test-Q data;RSIPPTE-710
55069;INS_OFF;B2,Q1,Q2;8188;LowerLimit;;17;;;Updates from the Test-Q data;RSIPPTE-710
55069;INS_OFF;B1,Q3;8188;UpperLimit;;39;;;Updates from the Test-Q data;RSIPPTE-710
55069;INS_OFF;B2,Q1;8188;UpperLimit;;34;;;Updates from the Test-Q data;RSIPPTE-710
55069;INS_OFF;Q2;8188;UpperLimit;;54;;;Updates from the Test-Q data;RSIPPTE-710
55070;INS_OFF;B1,Q3;8188;LowerLimit;;-23;;;Updates from the Test-Q data;RSIPPTE-710
55070;INS_OFF;B2,Q1,Q2;8188;LowerLimit;;17;;;Updates from the Test-Q data;RSIPPTE-710
55070;INS_OFF;B1,Q3;8188;UpperLimit;;39;;;Updates from the Test-Q data;RSIPPTE-710
55070;INS_OFF;B2,Q1;8188;UpperLimit;;34;;;Updates from the Test-Q data;RSIPPTE-710
55070;INS_OFF;Q2;8188;UpperLimit;;54;;;Updates from the Test-Q data;RSIPPTE-710
55071;INS_OFF;B1,Q3;8188;LowerLimit;;-23;;;Updates from the Test-Q data;RSIPPTE-710
55071;INS_OFF;B2,Q1,Q2;8188;LowerLimit;;17;;;Updates from the Test-Q data;RSIPPTE-710
55071;INS_OFF;B1,Q3;8188;UpperLimit;;39;;;Updates from the Test-Q data;RSIPPTE-710
55071;INS_OFF;B2,Q1;8188;UpperLimit;;34;;;Updates from the Test-Q data;RSIPPTE-710
55071;INS_OFF;Q2;8188;UpperLimit;;54;;;Updates from the Test-Q data;RSIPPTE-710
55072;INS_OFF;B1,Q3;8188;LowerLimit;;-23;;;Updates from the Test-Q data;RSIPPTE-710
55072;INS_OFF;B2,Q1,Q2;8188;LowerLimit;;17;;;Updates from the Test-Q data;RSIPPTE-710
55072;INS_OFF;B1,Q3;8188;UpperLimit;;39;;;Updates from the Test-Q data;RSIPPTE-710
55072;INS_OFF;B2,Q1;8188;UpperLimit;;34;;;Updates from the Test-Q data;RSIPPTE-710
55072;INS_OFF;Q2;8188;UpperLimit;;54;;;Updates from the Test-Q data;RSIPPTE-710
55073;INS_OFF;B1,Q3;8188;LowerLimit;;-23;;;Updates from the Test-Q data;RSIPPTE-710
55073;INS_OFF;B2,Q1,Q2;8188;LowerLimit;;17;;;Updates from the Test-Q data;RSIPPTE-710
55073;INS_OFF;B1,Q3;8188;UpperLimit;;39;;;Updates from the Test-Q data;RSIPPTE-710
55073;INS_OFF;B2,Q1;8188;UpperLimit;;34;;;Updates from the Test-Q data;RSIPPTE-710
55073;INS_OFF;Q2;8188;UpperLimit;;54;;;Updates from the Test-Q data;RSIPPTE-710
55074;INS_OFF;B1,Q3;8188;LowerLimit;;-23;;;Updates from the Test-Q data;RSIPPTE-710
55074;INS_OFF;B2,Q1,Q2;8188;LowerLimit;;17;;;Updates from the Test-Q data;RSIPPTE-710
55074;INS_OFF;B1,Q3;8188;UpperLimit;;39;;;Updates from the Test-Q data;RSIPPTE-710
55074;INS_OFF;B2,Q1;8188;UpperLimit;;34;;;Updates from the Test-Q data;RSIPPTE-710
55074;INS_OFF;Q2;8188;UpperLimit;;54;;;Updates from the Test-Q data;RSIPPTE-710
55147;INS_OFF;B1,B2,Q1,Q2,Q3;8188;LowerLimit;;-1.4;;;Updates from the Test-Q data;RSIPPTE-710
55147;INS_OFF;S1;8188;LowerLimit;;-0.7;;;Updates from the Test-Q data;RSIPPTE-710
55147;INS_OFF;S2;8188;LowerLimit;;-0.8;;;Updates from the Test-Q data;RSIPPTE-710
55147;INS_OFF;B1,Q3;8188;UpperLimit;;0.6;;;Updates from the Test-Q data;RSIPPTE-710
55147;INS_OFF;B2,Q1,Q2;8188;UpperLimit;;-0.8;;;Updates from the Test-Q data;RSIPPTE-710
55147;INS_OFF;S1;8188;UpperLimit;;0.7;;;Updates from the Test-Q data;RSIPPTE-710
55147;INS_OFF;S2;8188;UpperLimit;;1.1;;;Updates from the Test-Q data;RSIPPTE-710
55148;INS_OFF;B1,B2,Q1,Q2,Q3;8188;LowerLimit;;-1.4;;;Updates from the Test-Q data;RSIPPTE-710
55148;INS_OFF;S1;8188;LowerLimit;;-0.7;;;Updates from the Test-Q data;RSIPPTE-710
55148;INS_OFF;S2;8188;LowerLimit;;-0.8;;;Updates from the Test-Q data;RSIPPTE-710
55148;INS_OFF;B1,Q3;8188;UpperLimit;;0.6;;;Updates from the Test-Q data;RSIPPTE-710
55148;INS_OFF;B2,Q1,Q2;8188;UpperLimit;;-0.8;;;Updates from the Test-Q data;RSIPPTE-710
55148;INS_OFF;S1;8188;UpperLimit;;0.7;;;Updates from the Test-Q data;RSIPPTE-710
55148;INS_OFF;S2;8188;UpperLimit;;1.1;;;Updates from the Test-Q data;RSIPPTE-710
55149;INS_OFF;B1,B2,Q1,Q2,Q3;8188;LowerLimit;;-1.4;;;Updates from the Test-Q data;RSIPPTE-710
55149;INS_OFF;S1;8188;LowerLimit;;-0.7;;;Updates from the Test-Q data;RSIPPTE-710
55149;INS_OFF;S2;8188;LowerLimit;;-0.8;;;Updates from the Test-Q data;RSIPPTE-710
55149;INS_OFF;B1,Q3;8188;UpperLimit;;0.6;;;Updates from the Test-Q data;RSIPPTE-710
55149;INS_OFF;B2,Q1,Q2;8188;UpperLimit;;-0.8;;;Updates from the Test-Q data;RSIPPTE-710
55149;INS_OFF;S1;8188;UpperLimit;;0.7;;;Updates from the Test-Q data;RSIPPTE-710
55149;INS_OFF;S2;8188;UpperLimit;;1.1;;;Updates from the Test-Q data;RSIPPTE-710
55150;INS_OFF;B1,B2,Q1,Q2,Q3;8188;LowerLimit;;-1.4;;;Updates from the Test-Q data;RSIPPTE-710
55150;INS_OFF;S1;8188;LowerLimit;;-0.7;;;Updates from the Test-Q data;RSIPPTE-710
55150;INS_OFF;S2;8188;LowerLimit;;-0.8;;;Updates from the Test-Q data;RSIPPTE-710
55150;INS_OFF;B1,Q3;8188;UpperLimit;;0.6;;;Updates from the Test-Q data;RSIPPTE-710
55150;INS_OFF;B2,Q1,Q2;8188;UpperLimit;;-0.8;;;Updates from the Test-Q data;RSIPPTE-710
55150;INS_OFF;S1;8188;UpperLimit;;0.7;;;Updates from the Test-Q data;RSIPPTE-710
55150;INS_OFF;S2;8188;UpperLimit;;1.1;;;Updates from the Test-Q data;RSIPPTE-710
55151;INS_OFF;B1,B2,Q1,Q2,Q3;8188;LowerLimit;;-1.4;;;Updates from the Test-Q data;RSIPPTE-710
55151;INS_OFF;S1;8188;LowerLimit;;-0.7;;;Updates from the Test-Q data;RSIPPTE-710
55151;INS_OFF;S2;8188;LowerLimit;;-0.8;;;Updates from the Test-Q data;RSIPPTE-710
55151;INS_OFF;B1,Q3;8188;UpperLimit;;0.6;;;Updates from the Test-Q data;RSIPPTE-710
55151;INS_OFF;B2,Q1,Q2;8188;UpperLimit;;-0.8;;;Updates from the Test-Q data;RSIPPTE-710
55151;INS_OFF;S1;8188;UpperLimit;;0.7;;;Updates from the Test-Q data;RSIPPTE-710
55151;INS_OFF;S2;8188;UpperLimit;;1.1;;;Updates from the Test-Q data;RSIPPTE-710
55152;INS_OFF;B1,B2,Q1,Q2,Q3;8188;LowerLimit;;-1.4;;;Updates from the Test-Q data;RSIPPTE-710
55152;INS_OFF;S1;8188;LowerLimit;;-0.7;;;Updates from the Test-Q data;RSIPPTE-710
55152;INS_OFF;S2;8188;LowerLimit;;-0.8;;;Updates from the Test-Q data;RSIPPTE-710
55152;INS_OFF;B1,Q3;8188;UpperLimit;;0.6;;;Updates from the Test-Q data;RSIPPTE-710
55152;INS_OFF;B2,Q1,Q2;8188;UpperLimit;;-0.8;;;Updates from the Test-Q data;RSIPPTE-710
55152;INS_OFF;S1;8188;UpperLimit;;0.7;;;Updates from the Test-Q data;RSIPPTE-710
55152;INS_OFF;S2;8188;UpperLimit;;1.1;;;Updates from the Test-Q data;RSIPPTE-710
55153;INS_OFF;B1,B2,Q1,Q2,Q3;8188;LowerLimit;;-1.4;;;Updates from the Test-Q data;RSIPPTE-710
55153;INS_OFF;S1;8188;LowerLimit;;-0.7;;;Updates from the Test-Q data;RSIPPTE-710
55153;INS_OFF;S2;8188;LowerLimit;;-0.8;;;Updates from the Test-Q data;RSIPPTE-710
55153;INS_OFF;B1,Q3;8188;UpperLimit;;0.6;;;Updates from the Test-Q data;RSIPPTE-710
55153;INS_OFF;B2,Q1,Q2;8188;UpperLimit;;-0.8;;;Updates from the Test-Q data;RSIPPTE-710
55153;INS_OFF;S1;8188;UpperLimit;;0.7;;;Updates from the Test-Q data;RSIPPTE-710
55153;INS_OFF;S2;8188;UpperLimit;;1.1;;;Updates from the Test-Q data;RSIPPTE-710
55154;INS_OFF;B1,B2,Q1,Q2,Q3;8188;LowerLimit;;-1.4;;;Updates from the Test-Q data;RSIPPTE-710
55154;INS_OFF;S1;8188;LowerLimit;;-0.7;;;Updates from the Test-Q data;RSIPPTE-710
55154;INS_OFF;S2;8188;LowerLimit;;-0.8;;;Updates from the Test-Q data;RSIPPTE-710
55154;INS_OFF;B1,Q3;8188;UpperLimit;;0.6;;;Updates from the Test-Q data;RSIPPTE-710
55154;INS_OFF;B2,Q1,Q2;8188;UpperLimit;;-0.8;;;Updates from the Test-Q data;RSIPPTE-710
55154;INS_OFF;S1;8188;UpperLimit;;0.7;;;Updates from the Test-Q data;RSIPPTE-710
55154;INS_OFF;S2;8188;UpperLimit;;1.1;;;Updates from the Test-Q data;RSIPPTE-710
55243;INS_OFF;B1,Q3;8188;LowerLimit;;-5.8;;;Updates from the Test-Q data;RSIPPTE-710
55243;INS_OFF;B2,Q1,Q2;8188;LowerLimit;;-1.3;;;Updates from the Test-Q data;RSIPPTE-710
55243;INS_OFF;S1;8188;LowerLimit;;-3.6;;;Updates from the Test-Q data;RSIPPTE-710
55243;INS_OFF;S2;8188;LowerLimit;;0.2;;;Updates from the Test-Q data;RSIPPTE-710
55243;INS_OFF;B1,B2,Q1,Q3;8188;UpperLimit;;-0.9;;;Updates from the Test-Q data;RSIPPTE-710
55243;INS_OFF;Q2;8188;UpperLimit;;0.1;;;Updates from the Test-Q data;RSIPPTE-710
55243;INS_OFF;S1;8188;UpperLimit;;0.3;;;Updates from the Test-Q data;RSIPPTE-710
55243;INS_OFF;S2;8188;UpperLimit;;0.2;;;Updates from the Test-Q data;RSIPPTE-710
55244;INS_OFF;B1,Q3;8188;LowerLimit;;-5.8;;;Updates from the Test-Q data;RSIPPTE-710
55244;INS_OFF;B2,Q1,Q2;8188;LowerLimit;;-1.3;;;Updates from the Test-Q data;RSIPPTE-710
55244;INS_OFF;S1;8188;LowerLimit;;-3.6;;;Updates from the Test-Q data;RSIPPTE-710
55244;INS_OFF;S2;8188;LowerLimit;;0.2;;;Updates from the Test-Q data;RSIPPTE-710
55244;INS_OFF;B1,B2,Q1,Q3;8188;UpperLimit;;-0.9;;;Updates from the Test-Q data;RSIPPTE-710
55244;INS_OFF;Q2;8188;UpperLimit;;0.1;;;Updates from the Test-Q data;RSIPPTE-710
55244;INS_OFF;S1;8188;UpperLimit;;0.3;;;Updates from the Test-Q data;RSIPPTE-710
55244;INS_OFF;S2;8188;UpperLimit;;0.2;;;Updates from the Test-Q data;RSIPPTE-710
55245;INS_OFF;B1,Q3;8188;LowerLimit;;-5.8;;;Updates from the Test-Q data;RSIPPTE-710
55245;INS_OFF;B2,Q1,Q2;8188;LowerLimit;;-1.3;;;Updates from the Test-Q data;RSIPPTE-710
55245;INS_OFF;S1;8188;LowerLimit;;-3.6;;;Updates from the Test-Q data;RSIPPTE-710
55245;INS_OFF;S2;8188;LowerLimit;;0.2;;;Updates from the Test-Q data;RSIPPTE-710
55245;INS_OFF;B1,B2,Q1,Q3;8188;UpperLimit;;-0.9;;;Updates from the Test-Q data;RSIPPTE-710
55245;INS_OFF;Q2;8188;UpperLimit;;0.1;;;Updates from the Test-Q data;RSIPPTE-710
55245;INS_OFF;S1;8188;UpperLimit;;0.3;;;Updates from the Test-Q data;RSIPPTE-710
55245;INS_OFF;S2;8188;UpperLimit;;0.2;;;Updates from the Test-Q data;RSIPPTE-710
55246;INS_OFF;B1,Q3;8188;LowerLimit;;-5.8;;;Updates from the Test-Q data;RSIPPTE-710
55246;INS_OFF;B2,Q1,Q2;8188;LowerLimit;;-1.3;;;Updates from the Test-Q data;RSIPPTE-710
55246;INS_OFF;S1;8188;LowerLimit;;-3.6;;;Updates from the Test-Q data;RSIPPTE-710
55246;INS_OFF;S2;8188;LowerLimit;;0.2;;;Updates from the Test-Q data;RSIPPTE-710
55246;INS_OFF;B1,B2,Q1,Q3;8188;UpperLimit;;-0.9;;;Updates from the Test-Q data;RSIPPTE-710
55246;INS_OFF;Q2;8188;UpperLimit;;0.1;;;Updates from the Test-Q data;RSIPPTE-710
55246;INS_OFF;S1;8188;UpperLimit;;0.3;;;Updates from the Test-Q data;RSIPPTE-710
55246;INS_OFF;S2;8188;UpperLimit;;0.2;;;Updates from the Test-Q data;RSIPPTE-710
55247;INS_OFF;B1,Q3;8188;LowerLimit;;-5.8;;;Updates from the Test-Q data;RSIPPTE-710
55247;INS_OFF;B2,Q1,Q2;8188;LowerLimit;;-1.3;;;Updates from the Test-Q data;RSIPPTE-710
55247;INS_OFF;S1;8188;LowerLimit;;-3.6;;;Updates from the Test-Q data;RSIPPTE-710
55247;INS_OFF;S2;8188;LowerLimit;;0.2;;;Updates from the Test-Q data;RSIPPTE-710
55247;INS_OFF;B1,B2,Q1,Q3;8188;UpperLimit;;-0.9;;;Updates from the Test-Q data;RSIPPTE-710
55247;INS_OFF;Q2;8188;UpperLimit;;0.1;;;Updates from the Test-Q data;RSIPPTE-710
55247;INS_OFF;S1;8188;UpperLimit;;0.3;;;Updates from the Test-Q data;RSIPPTE-710
55247;INS_OFF;S2;8188;UpperLimit;;0.2;;;Updates from the Test-Q data;RSIPPTE-710
55248;INS_OFF;B1,Q3;8188;LowerLimit;;-5.8;;;Updates from the Test-Q data;RSIPPTE-710
55248;INS_OFF;B2,Q1,Q2;8188;LowerLimit;;-1.3;;;Updates from the Test-Q data;RSIPPTE-710
55248;INS_OFF;S1;8188;LowerLimit;;-3.6;;;Updates from the Test-Q data;RSIPPTE-710
55248;INS_OFF;S2;8188;LowerLimit;;0.2;;;Updates from the Test-Q data;RSIPPTE-710
55248;INS_OFF;B1,B2,Q1,Q3;8188;UpperLimit;;-0.9;;;Updates from the Test-Q data;RSIPPTE-710
55248;INS_OFF;Q2;8188;UpperLimit;;0.1;;;Updates from the Test-Q data;RSIPPTE-710
55248;INS_OFF;S1;8188;UpperLimit;;0.3;;;Updates from the Test-Q data;RSIPPTE-710
55248;INS_OFF;S2;8188;UpperLimit;;0.2;;;Updates from the Test-Q data;RSIPPTE-710
55249;INS_OFF;B1,Q3;8188;LowerLimit;;-5.8;;;Updates from the Test-Q data;RSIPPTE-710
55249;INS_OFF;B2,Q1,Q2;8188;LowerLimit;;-1.3;;;Updates from the Test-Q data;RSIPPTE-710
55249;INS_OFF;S1;8188;LowerLimit;;-3.6;;;Updates from the Test-Q data;RSIPPTE-710
55249;INS_OFF;S2;8188;LowerLimit;;0.2;;;Updates from the Test-Q data;RSIPPTE-710
55249;INS_OFF;B1,B2,Q1,Q3;8188;UpperLimit;;-0.9;;;Updates from the Test-Q data;RSIPPTE-710
55249;INS_OFF;Q2;8188;UpperLimit;;0.1;;;Updates from the Test-Q data;RSIPPTE-710
55249;INS_OFF;S1;8188;UpperLimit;;0.3;;;Updates from the Test-Q data;RSIPPTE-710
55249;INS_OFF;S2;8188;UpperLimit;;0.2;;;Updates from the Test-Q data;RSIPPTE-710
55250;INS_OFF;B1,Q3;8188;LowerLimit;;-5.8;;;Updates from the Test-Q data;RSIPPTE-710
55250;INS_OFF;B2,Q1,Q2;8188;LowerLimit;;-1.3;;;Updates from the Test-Q data;RSIPPTE-710
55250;INS_OFF;S1;8188;LowerLimit;;-3.6;;;Updates from the Test-Q data;RSIPPTE-710
55250;INS_OFF;S2;8188;LowerLimit;;0.2;;;Updates from the Test-Q data;RSIPPTE-710
55250;INS_OFF;B1,B2,Q1,Q3;8188;UpperLimit;;-0.9;;;Updates from the Test-Q data;RSIPPTE-710
55250;INS_OFF;Q2;8188;UpperLimit;;0.1;;;Updates from the Test-Q data;RSIPPTE-710
55250;INS_OFF;S1;8188;UpperLimit;;0.3;;;Updates from the Test-Q data;RSIPPTE-710
55250;INS_OFF;S2;8188;UpperLimit;;0.2;;;Updates from the Test-Q data;RSIPPTE-710
57039;INS_OFF;B1,B2;8188;LowerLimit;;-80;;;Updates from the Test-Q data;RSIPPTE-710
57039;INS_OFF;Q1,Q2,Q3;8188;LowerLimit;;-5;;;Updates from the Test-Q data;RSIPPTE-710
57039;INS_OFF;B1,B2;8188;UpperLimit;;91;;;Updates from the Test-Q data;RSIPPTE-710
57039;INS_OFF;Q1,Q2,Q3;8188;UpperLimit;;6;;;Updates from the Test-Q data;RSIPPTE-710
57279;INS_OFF;B1,B2;8188;LowerLimit;;-80;;;Updates from the Test-Q data;RSIPPTE-710
57279;INS_OFF;Q1,Q2,Q3;8188;LowerLimit;;-5;;;Updates from the Test-Q data;RSIPPTE-710
57279;INS_OFF;B1,B2;8188;UpperLimit;;91;;;Updates from the Test-Q data;RSIPPTE-710
57279;INS_OFF;Q1,Q2,Q3;8188;UpperLimit;;6;;;Updates from the Test-Q data;RSIPPTE-710
